country,admin,max_temperature,min_temperature,avg_temperature
Abyei,Administrative unit not available,306.29883,299.27075,302.89313
Algeria,Adrar,308.64478,282.81128,295.0782
Algeria,Ain-Defla,300.3694,284.15112,291.31256
Algeria,Ain-Temouchent,297.97192,286.25854,291.64752
Algeria,Alger,298.91138,286.21973,291.98102
Algeria,Annaba,301.11743,284.85254,292.20856
Algeria,Batna,301.79517,279.9463,289.00934
Algeria,Bechar,304.4026,278.93433,290.91525
Algeria,Bejaia,299.16333,285.99512,292.0782
Algeria,Biskra,299.98853,277.62378,286.9151
Algeria,Blida,301.17407,281.84473,290.16495
Algeria,Bordj Bou Arrer,301.27954,279.98535,288.95383
Algeria,Bouira,301.38892,281.75488,290.19327
Algeria,Boumerdes,298.58325,285.41113,291.49533
Algeria,Chlef,300.3694,284.15112,291.31256
Algeria,Constantine,301.87915,281.42676,290.0292
Algeria,Djelfa,302.67407,279.4226,289.18253
Algeria,El Bayadh,302.08423,278.9109,289.26828
Algeria,El Oued,309.9143,285.40503,296.18707
Algeria,El-Tarf,299.14966,285.01465,291.5821
Algeria,Ghardaia,307.0276,281.86597,293.06158
Algeria,Guelma,301.97876,282.28418,290.66934
Algeria,Illizi,307.34204,285.31323,295.77545
Algeria,Jijel,299.302,286.02832,292.1739
Algeria,Khenchela,302.07642,279.5459,288.815
Algeria,Laghouat,303.23853,278.66284,289.43625
Algeria,M'Sila,303.5432,279.66113,289.66412
Algeria,Mascara,302.83813,284.00073,292.43073
Algeria,Medea,301.38892,281.75488,290.19327
Algeria,Mila,301.87915,281.42676,290.0292
Algeria,Mostaganem,298.09497,286.4441,291.83145
Algeria,Naama,302.65454,278.87378,289.74274
Algeria,Oran,300.49048,285.167,292.14117
Algeria,Ouargla,309.26587,285.20972,295.8622
Algeria,Oum El Bouaghi,301.42407,279.9912,289.06012
Algeria,Relizane,303.3401,283.44214,292.13742
Algeria,Saida,302.30493,281.43433,290.6962
Algeria,Setif,299.67603,280.8213,288.96036
Algeria,Sidi Bel Abbes,301.83423,284.59058,292.32657
Algeria,Skikda,299.10083,285.3037,291.6884
Algeria,Souk-Ahras,300.34595,281.53613,289.79987
Algeria,Tamanrasset,307.67725,290.36206,301.0292
Algeria,Tebessa,302.1018,280.6963,289.73166
Algeria,Tiaret,302.67798,280.12183,289.9846
Algeria,Tindouf,310.3557,284.74292,297.82248
Algeria,Tipaza,300.24243,283.31348,290.7403
Algeria,Tissemsilt,303.2229,281.9148,291.0606
Algeria,Tizi Ouzou,298.58325,285.41113,291.49533
Algeria,Tlemcen,300.78735,284.46948,291.829
Angola,Bengo,298.45117,294.23853,296.8054
Angola,Benguela,299.21484,292.21606,295.84494
Angola,Bie,297.73486,294.2578,295.25186
Angola,Cabinda,298.9297,294.3694,297.22873
Angola,Cuando Cubango,297.7544,290.7776,293.43674
Angola,Cuanza Sul,299.94922,293.86646,297.31793
Angola,Cunene,298.0005,290.3186,294.29694
Angola,Huambo,294.43604,291.14282,292.059
Angola,Huila,295.82275,289.2932,292.28717
Angola,Kuanza Norte,294.36133,293.34375,293.88336
Angola,Luanda,300.20117,294.3098,297.6677
Angola,Lunda Norte,300.35083,296.21533,297.78165
Angola,Lunda Sul,299.3645,295.23682,296.7548
Angola,Malanje,301.3462,297.77148,298.95807
Angola,Moxico,298.90674,294.73486,295.99014
Angola,Namibe,300.1328,292.43677,296.04596
Angola,Uige,300.49268,298.08398,299.00626
Angola,Zaire,300.49805,294.76196,298.17975
Benin,Alibori,307.35742,298.44604,302.76828
Benin,Atakora,307.01758,299.99536,302.967
Benin,Atlantique,301.8496,298.4309,300.3622
Benin,Borgou,306.11133,299.15747,301.9854
Benin,Collines,302.91797,298.07935,299.95563
Benin,Couffo,302.78418,298.57544,300.55588
Benin,Donga,303.65234,298.22876,300.05197
Benin,Littoral,301.38867,298.011,299.97028
Benin,Mono,301.8496,298.4309,300.3622
Benin,Oueme,301.38867,298.011,299.97028
Benin,Plateau,302.6211,298.53833,300.52252
Benin,Zou,302.78418,298.57544,300.55588
Botswana,Central,300.3601,289.25806,295.97305
Botswana,Chobe,299.76636,288.5432,294.80978
Botswana,Ghanzi,300.53125,287.3186,295.36935
Botswana,Kgalagadi,300.35547,284.29712,293.7927
Botswana,Kgatleng,299.89062,285.8694,294.62784
Botswana,Kweneng,299.27344,284.9065,293.7963
Botswana,Ngamiland,301.0144,289.48853,295.72678
Botswana,North East,297.84766,286.80884,293.28146
Botswana,South-East,299.29883,284.3479,293.43658
Botswana,Southern,297.77734,283.3811,291.97745
Burkina Faso,Boucle Du Mouhoun,307.13892,295.9226,302.37082
Burkina Faso,Cascades,303.8496,297.5437,300.09885
Burkina Faso,Centre,306.3711,298.18433,302.59006
Burkina Faso,Centre-est,306.40625,297.4734,302.27658
Burkina Faso,Centre-nord,307.71704,296.58276,303.13498
Burkina Faso,Centre-ouest,306.48047,299.10474,301.96964
Burkina Faso,Centre-sud,305.1328,297.6355,301.70905
Burkina Faso,Est,307.22095,296.19995,302.6923
Burkina Faso,Hauts-bassins,305.34766,297.99487,301.3669
Burkina Faso,Nord,307.19165,295.43628,302.3404
Burkina Faso,Plateau Central,306.15454,296.2234,302.02512
Burkina Faso,Sahel,309.04126,296.6726,304.20773
Burkina Faso,Sud-ouest,305.91016,298.323,301.95822
Burundi,Bubanza,293.3501,291.3457,291.9146
Burundi,Bujumbura Mairie,293.03564,291.1604,292.12408
Burundi,Bujumbura Rural,293.03564,291.1604,292.12408
Burundi,Bururi,293.03564,291.1604,292.12408
Burundi,Cankuzo,295.52002,292.7129,293.5759
Burundi,Cibitoke,294.063,292.6897,293.1332
Burundi,Gitega,295.26807,291.9004,292.98654
Burundi,Karuzi,295.26807,291.9004,292.98654
Burundi,Kayanza,293.3501,291.3457,291.9146
Burundi,Kirundo,295.77197,293.09375,294.1169
Burundi,Makamba,296.188,292.54102,293.58487
Burundi,Muramvya,293.3501,291.3457,291.9146
Burundi,Muyinga,295.88403,293.36328,294.31842
Burundi,Mwaro,296.01416,292.07812,293.22076
Burundi,Ngozi,295.77197,293.09375,294.1169
Burundi,Rutana,296.01416,292.07812,293.22076
Burundi,Ruyigi,295.52002,292.7129,293.5759
Cameroon,Adamaoua,304.13867,297.78638,299.91965
Cameroon,Centre,301.42188,295.19946,297.1752
Cameroon,Est,299.54102,295.17603,296.81842
Cameroon,Extrême - Nord,307.86523,298.23828,303.59933
Cameroon,Littoral,300.58398,298.12427,299.51505
Cameroon,Nord,301.32617,294.67773,297.83322
Cameroon,Nord - Ouest,302.4004,297.177,298.80313
Cameroon,Ouest,299.20898,293.7434,295.43088
Cameroon,Sud,298.0918,296.3933,297.0899
Cameroon,Sud - Ouest,300.58398,298.12427,299.51505
Central African Republic,Bamingui-Bangoran,305.5918,299.05005,301.7844
Central African Republic,Bangui,301.26953,298.2312,299.2657
Central African Republic,Basse-Kotto,301.0703,298.09644,299.14084
Central African Republic,Haut-Mbomou,300.8457,296.8274,298.371
Central African Republic,Haute-Kotto,300.33594,296.64087,298.0279
Central African Republic,Kémo,302.9121,298.11646,299.65988
Central African Republic,Lobaye,299.76953,296.8479,298.04337
Central African Republic,Mambéré-Kadéï,300.4004,296.9192,298.1669
Central African Republic,Mbomou,300.9082,297.70923,298.97614
Central African Republic,Nana-Gribizi,305.31445,299.40552,301.3715
Central African Republic,Nana-Mambéré,298.51172,293.9436,295.62848
Central African Republic,Ombella M'Poko,302.04492,297.5598,299.01358
Central African Republic,Ouaka,301.05078,297.40063,298.70758
Central African Republic,Ouham,305.31445,299.40552,301.3715
Central African Republic,Ouham Pendé,305.08594,298.4563,300.70694
Central African Republic,Sangha-Mbaéré,298.76953,296.3899,297.30753
Central African Republic,Vakaga,305.76953,298.71802,301.64572
Chad,Assongha,304.87695,297.6621,300.73932
Chad,Baguirmi,307.49023,298.27344,302.9374
Chad,Barh Koh,306.16406,299.12427,302.07867
Chad,Barl El Gazal,307.03516,296.8711,302.99503
Chad,Batha Est,307.2129,299.4121,303.2758
Chad,Batha Ouest,308.0913,296.38086,303.35342
Chad,Biltine,306.44287,293.70117,301.19098
Chad,Borkou,299.8628,287.53125,294.02628
Chad,Daraba,307.6875,298.2754,303.30573
Chad,Ennedi,304.6311,286.93945,296.75186
Chad,Guera,307.0254,299.5996,302.76715
Chad,Hadjer Lamis,307.26172,297.45898,302.91202
Chad,Kabia,305.26562,298.75586,301.74698
Chad,Kanem,307.187,293.7422,302.07184
Chad,Lac,306.9839,295.42578,302.4615
Chad,Lac Iro,306.13867,299.136,301.97433
Chad,Logone Occidental,304.67383,298.29102,301.04678
Chad,Logone Oriental,304.67383,298.29102,301.04678
Chad,Mandoul,305.1328,298.67578,301.33942
Chad,Mayo-Boneye,306.73438,298.76953,302.45758
Chad,Mayo-Dala,305.5,298.8086,301.6511
Chad,Mont De Lam,304.91992,298.23364,300.79434
Chad,Ouaddai,307.51758,298.20898,303.47662
Chad,Salamat,306.99805,299.53638,302.78424
Chad,Sila,305.42578,298.39575,301.2263
Chad,Tandjile Est,306.28125,299.12817,301.97418
Chad,Tandjile Ouest,305.56055,298.63477,301.63043
Chad,Tibesti,299.8628,287.53125,294.02628
Comoros,Anjouan,301.04175,297.677,299.51877
Comoros,Moheli,301.07104,297.46802,299.42438
Comoros,Ngazidja,300.14722,296.62817,298.5964
Congo,Bouenza,298.26172,294.69556,296.88776
Congo,Cuvette,299.30664,297.67847,298.1545
Congo,Cuvette Ovest,298.3086,296.8733,297.35196
Congo,Kouilou,298.5664,293.8108,296.9047
Congo,Lekoumou,297.96094,295.01392,296.77072
Congo,Likouala,299.28516,296.85278,297.67145
Congo,Niari,296.87695,294.27368,295.7945
Congo,Plateaux,299.77344,298.01978,298.67502
Congo,Pool,299.07812,296.5608,297.9112
Congo,Sangha,299.1211,297.14966,297.8264
Côte d'Ivoire,Bas Sassandra,300.29102,297.5813,299.1874
Côte d'Ivoire,Comoe,302.01465,298.7434,300.5803
Côte d'Ivoire,Denguele,303.85156,297.69604,300.23184
Côte d'Ivoire,District autonome de Abidjan,300.47656,297.19263,299.28
Côte d'Ivoire,District autonome de Yamoussoukro,301.18262,298.3684,300.02414
Côte d'Ivoire,Gôh-Djiboua,300.7295,297.97388,299.53293
Côte d'Ivoire,Lacs,301.96777,298.61646,300.3845
Côte d'Ivoire,Lagunes,300.76562,298.1018,299.7053
Côte d'Ivoire,Montagnes,300.28418,296.85083,298.66104
Côte d'Ivoire,Sassandra-Marahoue,301.78027,298.06372,300.04172
Côte d'Ivoire,Savanes,304.55664,298.21558,300.75284
Côte d'Ivoire,Vallee Du Bandama,302.78418,298.24146,300.41656
Côte d'Ivoire,Woroba,301.7295,297.8567,299.821
Côte d'Ivoire,Zanzan,303.75,298.11255,300.68985
Democratic Republic of the Congo,Bandundu,299.16797,297.6941,298.1656
Democratic Republic of the Congo,Bas-Congo,300.49805,294.76196,298.17975
Democratic Republic of the Congo,Equateur,302.13086,298.5979,299.8588
Democratic Republic of the Congo,Kasai Occidental,298.45142,297.37158,297.86563
Democratic Republic of the Congo,Kasai Oriental,298.60156,297.24487,297.73102
Democratic Republic of the Congo,Katanga,300.41626,296.9048,298.24826
Democratic Republic of the Congo,Kinshasa,299.14648,297.05884,297.97794
Democratic Republic of the Congo,Maniema,298.22852,296.88135,297.27414
Democratic Republic of the Congo,Nord-Kivu,298.7129,296.1062,297.16754
Democratic Republic of the Congo,Orientale,300.74805,297.8518,298.97223
Democratic Republic of the Congo,Sud-Kivu,290.72974,289.84277,290.15485
Djibouti,Ali Sabieh,307.47485,295.84644,301.34787
Djibouti,Dikhil,307.64478,295.60425,302.08
Djibouti,Djibouti,307.47485,295.84644,301.34787
Djibouti,Obock,305.83423,297.5476,301.54694
Djibouti,Tadjourah,307.64478,295.60425,302.08
Egypt,Alexandria,299.38403,288.66504,293.96393
Egypt,Assiut,303.53735,286.16284,295.19913
Egypt,Aswan,307.74048,290.89136,299.9112
Egypt,Behera,299.6897,288.5537,294.18332
Egypt,Beni Suef,304.20728,287.94604,296.30606
Egypt,Cairo,302.63696,287.74292,295.14752
Egypt,Dakahlia,300.26196,288.667,294.45187
Egypt,Damietta,299.66138,288.81543,294.2603
Egypt,Fayoum,304.53345,287.42847,296.2961
Egypt,Gharbia,301.9358,288.198,295.07394
Egypt,Giza,302.66235,288.39917,295.6589
Egypt,Ismailia,302.83228,288.5769,295.62164
Egypt,Kafr El-Shikh,299.6897,288.5537,294.18332
Egypt,Kalyoubia,303.27563,288.31323,295.83078
Egypt,Luxor,306.6526,288.22534,297.9421
Egypt,Matrouh,299.38403,288.66504,293.96393
Egypt,Menia,303.46118,287.4558,295.6135
Egypt,Menoufia,302.66235,288.39917,295.6589
Egypt,New Valley,305.1819,287.4187,296.64377
Egypt,North Sinai,301.9319,287.83667,294.85587
Egypt,Port Said,299.57935,288.63965,294.1695
Egypt,Qena,306.0022,288.4851,297.65338
Egypt,Red Sea,304.30786,295.21484,299.28082
Egypt,Shrkia,302.22876,288.70386,295.35098
Egypt,South Sinai,303.65942,293.94824,298.5305
Egypt,Suez,303.75806,288.2898,295.98672
Egypt,Suhag,304.4729,286.93823,296.12863
Equatorial Guinea,Annobon,300.57227,295.80103,298.72043
Equatorial Guinea,Bioko Norte,299.0,296.80396,298.14737
Equatorial Guinea,Bioko Sur,299.6582,297.50708,298.7551
Equatorial Guinea,Centro Sur,297.60938,296.03052,296.82608
Equatorial Guinea,Kientem,297.82422,296.5276,297.10275
Equatorial Guinea,Litoral,300.09766,297.44946,299.03165
Equatorial Guinea,Welenzas,297.82422,296.5276,297.10275
Eritrea,Anseba,302.85693,292.9734,297.92813
Eritrea,Archipelagos,305.73364,298.71558,302.25284
Eritrea,Debub,301.68896,292.6316,297.34152
Eritrea,Debubawi Keih Bahri,307.74243,296.21362,301.7753
Eritrea,Gash Barka,308.48584,297.37573,302.85812
Eritrea,Maekel,301.68896,292.6316,297.34152
Eritrea,Semenawi Keih Bahri,305.77466,298.91284,302.41412
Ethiopia,Addis Ababa,292.11157,288.3269,289.80035
Ethiopia,Afar,307.49634,298.33472,303.50558
Ethiopia,Amhara,307.05664,298.38403,302.67715
Ethiopia,Beneshangul Gumu,299.19336,292.5608,295.4543
Ethiopia,Dire Dawa,294.39648,290.64526,292.75104
Ethiopia,Gambela,300.63867,296.82886,298.127
Ethiopia,Hareri,295.47095,290.5652,293.2844
Ethiopia,Oromia,299.26587,293.30298,296.621
Ethiopia,SNNPR,292.70508,289.05347,290.5258
Ethiopia,Somali,305.41357,294.3894,300.51944
Ethiopia,Tigray,304.1089,295.46948,300.31842
Gabon,Estuaire,299.82812,297.27173,298.85162
Gabon,Haut-Ogooue,298.38086,296.67407,297.4091
Gabon,Moyen-Ogooue,299.49414,297.14282,298.5712
Gabon,Ngounie,298.03516,295.3772,297.065
Gabon,Nyanga,299.11914,295.7444,298.0751
Gabon,Ogooue-Ivindo,298.57812,297.26978,297.66818
Gabon,Ogooue-Maritime,299.92773,295.5432,298.434
Gabon,Ogooue-lolo,298.40625,296.61157,297.5292
Gabon,Woleu-Ntem,297.80664,296.46362,297.09445
Gambia,Central River,304.66235,297.65308,301.60812
Gambia,Kanifing Municipal Council,301.85815,295.46167,298.8339
Gambia,Lower River,304.66235,297.65308,301.60812
Gambia,North Bank,301.85815,295.46167,298.8339
Gambia,Upper River,306.77563,298.1394,302.66315
Gambia,West Coast,301.3933,292.1338,297.2302
Ghana,Ashanti,302.75293,298.97876,300.738
Ghana,Brong Ahafo,303.33496,298.427,300.559
Ghana,Central,301.11523,298.03345,299.78522
Ghana,Eastern,303.2539,299.5774,301.49796
Ghana,Greater Accra,302.13477,298.2473,300.7315
Ghana,Northern,306.10742,299.02856,301.55817
Ghana,Upper East,305.93555,299.23755,301.8404
Ghana,Upper West,306.48047,299.10474,301.96964
Ghana,Volta,303.7334,298.75708,300.82364
Ghana,Western,300.78906,297.9563,299.51813
Guinea,Boke,300.1333,298.4934,299.3137
Guinea,Conakry,300.5957,298.30273,299.33878
Guinea,Faranah,305.34766,296.6394,300.54123
Guinea,Kankan,305.69922,296.8523,300.61905
Guinea,Kindia,300.0996,298.39966,299.3897
Guinea,Labe,307.05664,297.45776,301.87344
Guinea,Mamou,301.7129,295.77612,297.80948
Guinea,Nzerekore,302.30078,297.3352,299.63434
Guinea-Bissau,Bafata,303.0957,298.11987,300.8674
Guinea-Bissau,Biombo,301.35693,297.50854,299.96295
Guinea-Bissau,Bolama/bijagos,301.15088,297.56152,299.22385
Guinea-Bissau,Cacheu,301.26807,296.8584,299.07687
Guinea-Bissau,Gabu,304.85767,298.1433,301.38922
Guinea-Bissau,Oio,301.5835,297.05347,300.16348
Guinea-Bissau,Quinara,301.11572,298.20386,299.76096
Guinea-Bissau,Sector Autonomo De Bissau,301.5835,297.05347,300.16348
Guinea-Bissau,Tombali,300.7163,298.78003,299.84137
Hala'ib triangle,Administrative unit not available,306.04517,292.38745,299.18088
Ilemi triangle,Administrative unit not available,304.79883,301.28125,303.03668
Kenya,Central,290.93164,288.72876,289.63336
Kenya,Coast,300.83398,297.38794,299.35342
Kenya,Eastern,305.03125,301.3457,302.92047
Kenya,Nairobi,294.14648,290.11157,292.1298
Kenya,North Eastern,301.4629,297.40088,299.12653
Kenya,Nyanza,297.39648,295.01978,295.84122
Kenya,Rift Valley,305.64062,301.41602,303.76828
Kenya,Western,290.5586,287.34204,288.58063
Lesotho,Berea,292.02222,276.9065,285.99112
Lesotho,Butha Buthe,291.9375,277.48657,286.1021
Lesotho,Leribe,293.35938,278.56274,287.32526
Lesotho,Mafeteng,294.06055,277.53345,287.23166
Lesotho,Maseru,294.06055,277.53345,287.23166
Lesotho,Mohale's Hoek,290.37573,275.99243,284.52823
Lesotho,Mokhotlong,287.99292,274.83423,282.29727
Lesotho,Qacha's Nek,288.72852,275.44165,282.91934
Lesotho,Quthing,290.37573,275.99243,284.52823
Lesotho,Thaba Tseka,288.04956,274.26782,282.32574
Liberia,Bomi,299.51367,296.72778,298.33112
Liberia,Bong,299.99512,296.34302,298.37442
Liberia,Gbarpolu,300.45898,296.3391,298.41055
Liberia,Grand Bassa,299.57422,297.40747,298.66412
Liberia,Grand Cape Mount,299.83984,296.32935,298.23248
Liberia,Grand Gedeh,299.24902,296.90356,298.38614
Liberia,Grand Kru,299.9707,297.65454,298.86594
Liberia,Lofa,298.88184,295.20435,296.8881
Liberia,Margibi,299.23438,296.42505,298.19244
Liberia,Maryland,299.9707,297.65454,298.86594
Liberia,Montserrado,299.73853,297.75122,299.05377
Liberia,Nimba,298.90527,295.7942,297.51764
Liberia,River Gee,298.56445,296.5569,297.6983
Liberia,Rivercess,299.79492,297.43677,298.71915
Liberia,Sinoe,299.2422,297.17212,298.24582
Libya,Ajdabiya (agedabia),300.1477,288.01074,294.21994
Libya,Al Aziziyah,303.31177,286.2881,294.53293
Libya,Al Fatah,298.07446,284.2588,291.48346
Libya,Al Jabal Al Akhdar,299.10474,287.43652,293.22223
Libya,Al Jufrah,301.68213,286.17285,294.13156
Libya,Al Khoms,301.84692,286.9873,294.0092
Libya,Al Kufrah,299.8628,287.53125,294.02628
Libya,Ash Shati,303.4729,286.31934,295.07477
Libya,Awbari (ubari),304.92798,286.91797,296.2966
Libya,Az Zawia (azzawiya),300.97974,287.69238,293.68317
Libya,Banghazi,299.8755,288.57324,294.09445
Libya,Darnah,300.1975,286.90137,293.48965
Libya,Ghadamis,303.99927,286.50098,294.8837
Libya,Gharyan,301.51782,283.97363,292.50397
Libya,Misurata,300.71606,287.93066,294.0253
Libya,Murzuq,303.90576,287.1211,296.03683
Libya,Nuqat Al Khams,300.97974,287.69238,293.68317
Libya,Sabha,303.60107,286.4187,295.22824
Libya,Sawfajjin (sofuljeen),302.27563,286.34473,294.11545
Libya,Surt (sirte),301.83813,287.4148,294.57965
Libya,Tarhunah,301.84692,286.9873,294.0092
Libya,Tripoli (tarabulus),300.5813,287.8994,293.66476
Libya,Tubruq (tobruk),299.69653,288.16113,293.80084
Libya,Yafran (yefren),302.26294,283.89746,292.93106
Ma'tan al-Sarra,Administrative unit not available,307.7893,292.2351,301.03018
Madagascar,Alaotra Mangoro,300.76172,295.94556,298.62833
Madagascar,Amoron I Mania,299.1704,292.9065,296.47824
Madagascar,Analamanga,300.99268,295.58228,298.4291
Madagascar,Analanjirofo,299.99683,294.91724,297.55753
Madagascar,Androy,299.42578,290.05884,295.4146
Madagascar,Anosy,300.3855,291.8772,296.47775
Madagascar,Atsimo Andrefana,300.8252,293.5061,297.1262
Madagascar,Atsimo Atsinanana,294.6355,286.65454,291.25705
Madagascar,Atsinanana,300.12183,294.6194,297.4045
Madagascar,Betsiboka,301.94385,296.66235,299.2538
Madagascar,Boeny,301.0586,297.4065,299.5562
Madagascar,Bongolava,300.99268,295.58228,298.4291
Madagascar,Diana,299.76758,296.47388,298.44846
Madagascar,Haute Matsiatra,294.73047,287.92993,292.1879
Madagascar,Ihorombe,301.12305,293.57056,297.90988
Madagascar,Itasy,295.51025,289.7229,293.47906
Madagascar,Melaky,301.56445,296.11353,299.28342
Madagascar,Menabe,302.45312,295.94165,299.43936
Madagascar,Sava,300.3191,295.2356,297.93008
Madagascar,Sofia,301.86377,298.1897,300.32462
Madagascar,Vakinankaratra,294.1062,286.969,291.35016
Madagascar,Vatovavy Fitovinany,296.28198,288.44946,292.74225
Malawi,Area under National Administration,295.8894,289.9436,293.88254
Malawi,Central Region,297.00586,290.8733,294.76813
Malawi,Northern Region,299.79565,293.05103,296.79254
Malawi,Southern Region,299.03784,291.61157,295.71344
Mali,Bamako,305.79688,296.24683,301.05783
Mali,Gao,309.0171,293.13745,303.57867
Mali,Kayes,308.27954,293.99097,302.72647
Mali,Kidal,309.53467,289.59448,302.08063
Mali,Koulikoro,307.7444,293.83862,302.6791
Mali,Mopti,308.01587,293.89917,303.1005
Mali,Segou,307.32446,293.52808,302.4011
Mali,Sikasso,305.93555,296.45776,301.5258
Mali,Tombouctou,312.50415,287.39722,300.83975
Mauritania,Adrar,311.51196,286.96167,300.26193
Mauritania,Assaba,306.91748,290.3523,301.31192
Mauritania,Brakna,309.7151,295.00464,303.83926
Mauritania,Dakhlet-Nouadhibou,302.188,291.5691,296.76358
Mauritania,Gorgol,310.0061,296.198,304.2844
Mauritania,Guidimakha,309.80884,296.07104,303.75885
Mauritania,Hodh Ech Chargi,311.28735,286.93042,300.38858
Mauritania,Hodh El Gharbi,308.66748,292.32495,302.85455
Mauritania,Inchiri,307.8745,293.1941,302.11334
Mauritania,Nouakchott,303.0923,292.60254,298.09317
Mauritania,Tagant,308.60767,287.6687,300.37668
Mauritania,Tiris-Zemmour,310.94165,285.68628,298.6713
Mauritania,Trarza,301.50854,292.25684,297.3666
Morocco,Chaouia - Ouardigha,297.80298,285.09448,292.03766
Morocco,Doukkala - Abda,295.32935,287.28394,291.76422
Morocco,Fès - Boulemane,301.7356,283.8523,292.71378
Morocco,Gharb - Chrarda - Béni Hssen,295.93677,286.7898,291.50983
Morocco,Grand Casablanca,297.80298,285.09448,292.03766
Morocco,Guelmim - Es-Semara,304.7776,281.79565,293.36172
Morocco,Laâyoune - Boujdour - Sakia El Hamra,296.44165,287.67456,292.3925
Morocco,Marrakech - Tensift - Al Haouz,294.27368,287.66675,291.4361
Morocco,Meknès - Tafilalet,300.3313,284.2234,292.66852
Morocco,Oriental,300.66235,284.75464,292.12277
Morocco,Rabat - Salé - Zemmour - Zaer,296.92798,286.0808,292.00885
Morocco,Souss - Massa - Draâ,293.94556,270.36597,282.95465
Morocco,Tadla - Azilal,302.08618,280.40894,290.96603
Morocco,Tanger - Tétouan,298.1311,280.0691,288.41086
Morocco,Taza - Al Hoceima - Taounate,298.1311,280.0691,288.41086
Mozambique,Cabo Delgado,301.44214,296.48657,299.1895
Mozambique,Gaza,301.75195,291.80884,297.4138
Mozambique,Inhambane,300.6648,293.7932,297.15793
Mozambique,Lago niassa,299.79565,293.05103,296.79254
Mozambique,Manica,302.33057,293.32837,298.68546
Mozambique,Maputo,299.13354,293.26587,296.23068
Mozambique,Nampula,300.8894,296.51392,298.87213
Mozambique,Niassa,302.1023,296.5647,299.5085
Mozambique,Sofala,301.3164,293.42603,297.8217
Mozambique,Tete,296.71948,288.86353,293.24942
Mozambique,Zambezia,301.6394,294.65454,298.5715
Namibia,Caprivi,300.74878,289.4026,295.62213
Namibia,Erongo,292.8418,287.53174,289.93692
Namibia,Hardap,299.04102,284.19165,292.34723
Namibia,Karas,294.0459,287.64014,290.4815
Namibia,Kavango,299.66675,289.4475,295.65192
Namibia,Khomas,299.50586,284.75806,293.13434
Namibia,Kunene,299.8086,292.64673,297.0803
Namibia,Ohangwena,299.53003,289.39087,295.53
Namibia,Omaheke,300.02344,286.73853,294.6983
Namibia,Omusati,300.1914,290.58032,296.46002
Namibia,Oshana,299.89722,290.1936,296.43497
Namibia,Oshikoto,300.1582,289.594,295.84348
Namibia,Otjozondjupa,299.48438,287.89087,295.00723
Niger,Agadez,303.92725,286.39844,295.84122
Niger,Diffa,306.81982,294.00977,301.8041
Niger,Dosso,307.22876,297.2683,303.09918
Niger,Maradi,306.51562,295.84375,301.88922
Niger,Niamey,307.72485,296.8933,303.16315
Niger,Tahoua,309.1753,292.948,302.9299
Niger,Tillaberi,307.67212,295.99097,303.6794
Niger,Zinder,306.32373,292.91406,301.09967
Nigeria,Abia,303.02148,298.53442,300.399
Nigeria,Adamawa,304.62695,295.76172,300.2136
Nigeria,Akwa Ibom,300.81055,298.03638,299.5816
Nigeria,Anambra,303.25977,298.93286,300.73264
Nigeria,Bauchi,306.25195,296.71484,301.76944
Nigeria,Bayelsa,300.9922,298.10474,299.68658
Nigeria,Benue,306.22852,299.5149,301.711
Nigeria,Borno,308.08398,298.17383,303.67844
Nigeria,Cross River,300.78125,297.73364,299.29156
Nigeria,Delta,301.07812,298.08716,299.73932
Nigeria,Ebonyi,304.8457,299.2063,301.259
Nigeria,Edo,301.61914,297.5227,299.1428
Nigeria,Ekiti,302.20508,297.4602,299.24435
Nigeria,Enugu,302.86328,297.86353,299.69992
Nigeria,"FCT, Abuja",303.63086,296.7815,298.97305
Nigeria,Gombe,305.08203,296.7793,300.68268
Nigeria,Imo,303.02148,298.53442,300.399
Nigeria,Jigawa,306.86328,297.24023,302.49405
Nigeria,Kaduna,304.34766,295.0547,299.17502
Nigeria,Kano,305.03906,295.23438,300.4073
Nigeria,Katsina,306.14062,296.5293,301.52414
Nigeria,Kebbi,306.94336,297.94604,303.11447
Nigeria,Kogi,306.54492,299.90747,302.30475
Nigeria,Kwara,304.14258,298.54614,300.64474
Nigeria,Lagos,301.36523,298.05786,300.03098
Nigeria,Nassarawa,303.5293,296.42798,298.77057
Nigeria,Niger,305.8711,298.4524,301.4047
Nigeria,Ogun,302.69727,298.34888,300.288
Nigeria,Ondo,301.29102,298.10864,300.06808
Nigeria,Osun,300.64062,296.46216,298.21994
Nigeria,Oyo,303.51562,297.9563,299.97354
Nigeria,Plateau,301.58203,293.96094,297.33292
Nigeria,Rivers,300.81055,298.03638,299.5816
Nigeria,Sokoto,307.10938,297.4519,302.48444
Nigeria,Taraba,304.7422,299.136,301.3155
Nigeria,Yobe,306.71094,296.14648,302.2574
Nigeria,Zamfara,306.73633,297.00854,302.14474
Rwanda,East/Iburasirazuba,294.90747,293.3423,294.18137
Rwanda,Kigali City/Umujyi wa Kigali,294.52075,292.2578,293.11838
Rwanda,North/Amajyaruguru,291.98755,290.54883,291.04318
Rwanda,South/Amajyepfo,289.45044,288.37183,288.7639
Rwanda,West/Iburengerazuba,289.45044,288.37183,288.7639
Sao Tome and Principe,Principe,300.61914,297.88892,299.419
Sao Tome and Principe,Sao Tome,300.3164,296.27954,298.6944
Senegal,Diourbel,302.38232,295.68042,300.03195
Senegal,Fatick,301.85815,295.46167,298.8339
Senegal,Kaffrine,304.85962,295.80542,301.47955
Senegal,Kaolack,302.0476,295.79956,299.66592
Senegal,Kedougou,308.3086,298.59448,303.1148
Senegal,Kolda,304.66235,297.65308,301.60812
Senegal,Louga,305.30884,296.06323,301.74307
Senegal,Matam,309.4319,296.71362,304.00705
Senegal,Saint louis,301.50854,292.25684,297.3666
Senegal,Sedhiou,302.96826,296.73315,300.48346
Senegal,Tambacounda,309.36353,296.96558,303.63776
Senegal,Thies,301.24487,292.2412,297.11417
Senegal,Ziguinchor,301.3015,292.78613,297.50674
Seychelles,Aldabra,300.5398,297.4192,299.3513
Seychelles,Assumption,300.5,297.41528,299.31808
Seychelles,Astove,300.3789,297.35474,299.2045
Seychelles,Cosmoledo,300.41602,297.35864,299.23184
Seychelles,Farquhar,300.3047,297.59497,299.18008
Seychelles,Providence,300.35352,297.63403,299.2071
Seychelles,St. Pierre,300.30078,297.5852,299.18317
Sierra Leone,Eastern,300.87793,295.99146,298.20694
Sierra Leone,Northern,300.3186,297.87427,299.27252
Sierra Leone,Southern,299.62524,297.5598,298.86368
Sierra Leone,Western Area,300.5254,298.31177,299.30655
Somalia,Awdal,306.85376,296.88354,301.54742
Somalia,Bakool,302.4453,299.65454,300.9234
Somalia,Banadir,300.86523,298.1819,299.49258
Somalia,Bari,300.8418,297.99292,299.22467
Somalia,Bay,301.70508,298.0725,299.66183
Somalia,Galgaduud,302.01,299.0515,300.52512
Somalia,Gedo,304.35156,300.12134,301.85178
Somalia,Hiraan,301.67212,299.46948,300.5572
Somalia,Juba Dhexe,303.1914,299.70532,301.3062
Somalia,Juba Hoose,302.15234,298.76392,300.6856
Somalia,Mudug,301.2854,297.69604,299.73102
Somalia,Nugaal,300.25732,294.698,298.10406
Somalia,Sanaag,306.8645,294.79175,301.18527
Somalia,Shabelle Dhexe,300.86523,298.1819,299.49258
Somalia,Shabelle Hoose,300.66797,297.90454,299.3163
Somalia,Sool,301.30322,295.49878,299.09576
Somalia,Togdheer,300.56592,295.80542,298.86578
Somalia,Woqooyi Galbeed,306.20923,297.30737,301.49307
South Africa,Eastern Cape,295.25488,289.84424,292.38516
South Africa,Free State,294.16797,281.00415,289.29498
South Africa,Gauteng,298.0183,285.08813,293.1747
South Africa,KwaZulu-Natal,295.03027,287.7268,291.7372
South Africa,Limpopo,301.46484,289.20142,296.32248
South Africa,Mpumalanga,301.25195,290.88892,296.8399
South Africa,North West,299.8496,284.99243,294.0007
South Africa,Northern Cape,293.1787,286.79028,289.74078
South Sudan,Central Equatoria,304.58203,299.45557,301.71115
South Sudan,Eastern Equatoria,299.05566,296.0879,297.94
South Sudan,El Buheyrat,304.7539,299.52002,301.92697
South Sudan,Jonglei,306.02734,299.50708,302.58112
South Sudan,Northern Bahr El Ghazal,306.11353,299.47388,302.41202
South Sudan,Unity,306.31055,299.09692,302.5611
South Sudan,Upper Nile,306.85938,299.43945,302.6547
South Sudan,Warab,306.29883,299.27075,302.89313
South Sudan,Western Bahr El Ghazal,306.73828,299.5996,302.35715
South Sudan,Western Equatoria,303.74414,298.9895,301.1555
Sudan,Al Jazeera,308.90967,297.66602,303.93268
Sudan,Blue Nile,307.49023,300.4231,303.3819
Sudan,Gadaref,308.7827,298.03906,303.88077
Sudan,Kassala,309.33545,298.6433,304.07248
Sudan,Khartoum,308.4253,294.24805,302.7543
Sudan,Nile,308.41235,292.9453,301.81778
Sudan,Northern,307.72095,290.98438,300.07852
Sudan,Northern Darfur,304.94946,286.69336,296.64328
Sudan,Northern Kordofan,307.30225,291.91016,301.37326
Sudan,Red Sea,308.36353,298.40894,302.7097
Sudan,Sennar,308.33594,298.93164,303.7862
Sudan,Southern Darfur,300.02734,292.5371,296.06924
Sudan,Southern Kordofan,305.5625,296.64062,301.31125
Sudan,Western Darfur,303.59326,291.14062,298.66412
Sudan,White Nile,308.48975,297.04297,303.8007
Swaziland,Hhohho,298.2937,288.64282,294.47955
Swaziland,Lubombo,298.5144,289.98462,294.94016
Swaziland,Manzini,297.19995,287.6194,293.24078
Swaziland,Shiselweni,296.20972,286.79126,292.26407
Togo,Centrale,302.71875,297.55493,299.2364
Togo,Kara,304.8828,298.56567,300.67746
Togo,Maritime,302.15332,298.3684,300.294
Togo,Plateaux,302.2959,297.58716,299.3923
Togo,Savanes,305.93555,299.23755,301.8404
Tunisia,Ariana,300.927,284.72754,292.3884
Tunisia,Beja,299.9934,283.90918,291.34592
Tunisia,Ben Arous,299.7317,284.85645,291.75558
Tunisia,Bizerte,300.927,284.72754,292.3884
Tunisia,Gabes,303.677,286.3894,294.41608
Tunisia,Gafsa,304.1682,282.66504,292.19504
Tunisia,Jendouba,299.14966,285.01465,291.5821
Tunisia,Kairouan,302.55493,283.49512,292.33356
Tunisia,Kasserine,303.21118,281.96387,290.92145
Tunisia,Kebili,305.385,284.8015,294.20334
Tunisia,Le Kef,301.8108,282.35645,290.9317
Tunisia,Mahdia,301.12036,285.38965,292.7398
Tunisia,Manouba,300.927,284.72754,292.3884
Tunisia,Medenine,303.74146,286.8308,294.8959
Tunisia,Monastir,302.6692,285.31934,293.6083
Tunisia,Nabeul,300.677,284.06543,291.95108
Tunisia,Sfax,303.35278,285.69995,293.8337
Tunisia,Sidi Bouz,303.08618,282.77637,291.64102
Tunisia,Siliana,301.8108,282.35645,290.9317
Tunisia,Sousse,301.82544,284.8037,292.7587
Tunisia,Tataouine,303.35864,285.52612,293.94635
Tunisia,Tozeur,305.21118,281.90918,292.14523
Tunisia,Tunis,300.927,284.72754,292.3884
Tunisia,Zaghouan,301.85767,283.1748,291.8614
Uganda,Abim,300.80273,297.66626,299.00235
Uganda,Adjumani,302.1748,298.68677,300.06207
Uganda,Agago,297.8457,295.75195,296.4719
Uganda,Alebtong,300.4375,296.9768,298.1711
Uganda,Amolatar,299.64453,296.36548,297.37198
Uganda,Amudat,300.33594,297.72876,298.9003
Uganda,Amuria,300.4375,296.9768,298.1711
Uganda,Amuru,302.1748,298.68677,300.06207
Uganda,Apac,299.50586,296.5061,297.45694
Uganda,Arua,299.0088,295.6223,297.0217
Uganda,Budaka,298.7793,295.50928,296.59885
Uganda,Bududa,290.5586,287.34204,288.58063
Uganda,Bugiri,296.61328,294.70142,295.40988
Uganda,Buhweju,294.08008,292.35742,293.18106
Uganda,Buikwe,296.3086,294.32642,295.0751
Uganda,Bukedea,301.04492,297.45728,298.77432
Uganda,Bukomansimbi,297.00977,294.10596,295.45236
Uganda,Bukwo,298.16602,295.55298,296.794
Uganda,Bulambuli,299.07617,295.7151,297.23868
Uganda,Buliisa,300.14062,297.75464,298.4091
Uganda,Bundibugyo,298.7129,296.1062,297.16754
Uganda,Bushenyi,295.7141,294.27148,295.0341
Uganda,Busia,296.61328,294.70142,295.40988
Uganda,Butaleja,298.7793,295.50928,296.59885
Uganda,Butambala,296.78125,294.93604,295.47922
Uganda,Buvuma,297.75586,295.94336,296.8342
Uganda,Buyende,299.26367,296.7815,297.6547
Uganda,Dokolo,300.24414,296.25415,297.42975
Uganda,Gomba,295.92578,294.27588,294.68707
Uganda,Gulu,301.40723,297.58447,298.87814
Uganda,Hoima,300.14062,297.75464,298.4091
Uganda,Ibanda,297.04688,294.91846,296.13986
Uganda,Iganga,298.2578,295.8413,296.49045
Uganda,Isingiro,295.80664,294.06494,294.9859
Uganda,Jinja,296.3086,294.32642,295.0751
Uganda,Kaabong,300.0039,297.65063,298.59235
Uganda,Kabale,293.5188,291.8203,292.78732
Uganda,Kabarole,298.8418,296.35815,297.29025
Uganda,Kaberamaido,300.24414,296.25415,297.42975
Uganda,Kalangala,297.41992,295.80298,296.33014
Uganda,Kaliro,298.2578,295.8413,296.49045
Uganda,Kalungu,296.78125,294.93604,295.47922
Uganda,Kampala,295.5547,293.79517,294.36008
Uganda,Kamuli,297.45508,295.11548,295.84674
Uganda,Kamwenge,295.39844,293.33838,294.36514
Uganda,Kanungu,293.5188,291.8203,292.78732
Uganda,Kapchorwa,299.07617,295.7151,297.23868
Uganda,Kasese,292.20312,290.82617,291.57608
Uganda,Katakwi,300.6211,296.07446,297.78244
Uganda,Kayunga,299.26367,296.7815,297.6547
Uganda,Kibaale,296.9336,294.4414,295.68512
Uganda,Kibuku,298.7793,295.50928,296.59885
Uganda,Kiruhura,297.0547,294.08643,295.58127
Uganda,Kiryandongo,299.5371,296.1194,297.2831
Uganda,Kisoro,293.5188,291.8203,292.78732
Uganda,Kitgum,298.86523,297.0022,297.9107
Uganda,Koboko,299.0088,295.6223,297.0217
Uganda,Kole,299.64453,296.36548,297.37198
Uganda,Kotido,300.0039,297.65063,298.59235
Uganda,Kumi,301.04492,297.45728,298.77432
Uganda,Kween,299.07617,295.7151,297.23868
Uganda,Kyankwanzi,297.31055,294.85815,295.70596
Uganda,Kyegegwa,297.11328,293.90283,295.46164
Uganda,Kyenjojo,298.8418,296.35815,297.29025
Uganda,Lamwo,298.86523,297.0022,297.9107
Uganda,Lira,300.3496,296.6057,297.80084
Uganda,Luuka,298.2578,295.8413,296.49045
Uganda,Luwero,297.14844,294.69556,295.49762
Uganda,Lwengo,296.51367,294.063,295.0554
Uganda,Lyantonde,297.00977,294.10596,295.45236
Uganda,Manafwa,298.7793,295.50928,296.59885
Uganda,Maracha,299.0088,295.6223,297.0217
Uganda,Masaka,296.78125,294.93604,295.47922
Uganda,Masindi,299.98535,296.9358,297.87717
Uganda,Mayuge,296.8672,295.01392,295.7232
Uganda,Mbale,298.7793,295.50928,296.59885
Uganda,Mbarara,297.04688,294.91846,296.13986
Uganda,Mitooma,295.7141,294.27148,295.0341
Uganda,Mityana,295.92578,294.27588,294.68707
Uganda,Moroto,300.0039,297.65063,298.59235
Uganda,Moyo,302.1748,298.68677,300.06207
Uganda,Mpigi,296.78125,294.93604,295.47922
Uganda,Mubende,298.13086,295.05933,296.12735
Uganda,Mukono,297.45508,295.11548,295.84674
Uganda,Nakapiripirit,299.8496,297.00806,298.21735
Uganda,Nakaseke,297.14844,294.69556,295.49762
Uganda,Nakasongola,299.42773,296.65063,297.54532
Uganda,Namayingo,296.61328,294.70142,295.40988
Uganda,Namutumba,298.7793,295.50928,296.59885
Uganda,Napak,299.8496,297.00806,298.21735
Uganda,Nebbi,301.1433,297.84302,299.05524
Uganda,Ngora,301.04492,297.45728,298.77432
Uganda,Ntoroko,298.8418,296.35815,297.29025
Uganda,Ntungamo,294.08008,292.35742,293.18106
Uganda,Nwoya,300.37402,296.52856,297.8521
Uganda,Otuke,300.4375,296.9768,298.1711
Uganda,Oyam,300.3496,296.6057,297.80084
Uganda,Pader,300.41992,296.70337,298.0507
Uganda,Pallisa,300.21484,297.20142,298.0214
Uganda,Rakai,296.51367,294.063,295.0554
Uganda,Rubirizi,296.10547,294.67578,295.3316
Uganda,Rukungiri,295.7141,294.27148,295.0341
Uganda,Serere,300.21484,297.20142,298.0214
Uganda,Sheema,294.08008,292.35742,293.18106
Uganda,Sironko,290.5586,287.34204,288.58063
Uganda,Soroti,300.24414,296.25415,297.42975
Uganda,Ssembabule,297.0547,294.08643,295.58127
Uganda,Tororo,298.7793,295.50928,296.59885
Uganda,Wakiso,295.5547,293.79517,294.36008
Uganda,Yumbe,301.85352,297.80786,299.25284
Uganda,Zombo,296.88086,294.44263,295.29938
United Republic of Tanzania,Arusha,295.00586,291.0393,292.5297
United Republic of Tanzania,Dar es salaam,301.38672,297.81763,299.80246
United Republic of Tanzania,Dodoma,298.40308,292.53345,295.51715
United Republic of Tanzania,Geita,297.5547,296.0586,296.74747
United Republic of Tanzania,Iringa,299.1582,294.17993,297.29922
United Republic of Tanzania,Kagera,296.20898,293.85205,294.97775
United Republic of Tanzania,Kaskazini Pemba,300.54492,297.66528,299.3316
United Republic of Tanzania,Kaskazini Unguja,300.57422,297.80005,299.42325
United Republic of Tanzania,Katavi,298.89526,294.76855,295.87897
United Republic of Tanzania,Kigoma,300.09644,295.4043,296.68365
United Republic of Tanzania,Kilimanjaro,290.85547,287.2307,289.34625
United Republic of Tanzania,Kusini Pemba,300.66602,297.76685,299.44797
United Republic of Tanzania,Kusini Unguja,300.94727,297.77466,299.6044
United Republic of Tanzania,Lindi,301.02026,297.3938,299.36075
United Republic of Tanzania,Manyara,298.91602,292.39478,296.07004
United Republic of Tanzania,Mara,297.75635,295.67188,296.75153
United Republic of Tanzania,Mbeya,299.92456,294.42993,296.58698
United Republic of Tanzania,Mjini Magharibi,300.94727,297.77466,299.6044
United Republic of Tanzania,Morogoro,297.1394,292.39868,294.9343
United Republic of Tanzania,Mtwara,300.39526,296.42798,298.51535
United Republic of Tanzania,Mwanza,297.8711,296.1836,296.96622
United Republic of Tanzania,Njombe,298.06323,292.98853,296.02042
United Republic of Tanzania,Pwani,300.77417,297.57153,299.50153
United Republic of Tanzania,Rukwa,300.28784,294.86743,296.77658
United Republic of Tanzania,Ruvuma,298.3816,293.17017,296.17014
United Republic of Tanzania,Shinyanga,297.35205,294.69336,296.1254
United Republic of Tanzania,Simiyu,297.4126,294.73047,296.0694
United Republic of Tanzania,Singida,296.20117,292.54517,294.68448
United Republic of Tanzania,Tabora,299.55933,295.26855,296.59787
United Republic of Tanzania,Tanga,300.57422,297.80005,299.42325
Western Sahara,Rio De Oro,299.2876,290.39136,294.4423
Western Sahara,Saguia El Hamra,295.88696,289.21362,292.86887
Zambia,Central,298.24878,289.59595,293.87424
Zambia,Copperbelt,298.68823,290.5979,294.53473
Zambia,Eastern,300.43433,291.96704,296.05508
Zambia,Luapula,298.9419,293.44556,295.51944
Zambia,Lusaka,300.45972,290.50024,295.6944
Zambia,North-Western,297.9712,293.60962,295.0126
Zambia,Northern,299.90112,295.43384,297.7136
Zambia,Southern,298.87573,288.71118,294.07135
Zambia,Western,300.02808,291.9983,295.7504
Zimbabwe,Bulawayo,296.6023,286.50806,292.72238
Zimbabwe,Harare,295.37573,286.26392,291.97516
Zimbabwe,Manicaland,299.23047,289.5061,295.05167
Zimbabwe,Mashonaland Central,301.40112,291.76587,297.06125
Zimbabwe,Mashonaland East,300.81104,291.8811,297.09137
Zimbabwe,Mashonaland West,301.33667,291.47876,296.9667
Zimbabwe,Masvingo,294.55078,284.84985,290.9146
Zimbabwe,Matabeleland North,302.18823,293.0276,298.16525
Zimbabwe,Matabeleland South,296.698,286.4319,292.60016
Zimbabwe,Midlands,300.40503,290.2229,295.61368
