GID_1,COUNTRY,NAME_1,rate_landuse
LBY.16_1,Libya,Murzuq,0.0005505530867180586
LBY.21_1,Libya,Wadi al Hayat,0.004671699154789908
LBY.5_1,Libya,Al Jufrah,0.0017720462897370052
LBY.22_1,Libya,Wadi ash Shati',0.001716802644357221
LBY.18_1,Libya,Sabha,0.01166096575007774
LBY.3_1,Libya,Al Jabal al Gharbi,0.009167917127931918
LBY.19_1,Libya,Surt,0.004786221296086645
LBY.15_1,Libya,Misratah,0.02510936487362281
LBY.8_1,Libya,Al Marqab,0.21360161969656877
LBY.4_1,Libya,Al Jifarah,0.41768855485232065
LBY.11_1,Libya,Az Zawiyah,0.3190080599547511
LBY.10_1,Libya,An Nuqat al Khams,0.1325415230948855
LBY.20_1,Libya,Tripoli,0.6478300410989336
GHA16_2,Ghana,Western North,0.10380072024060785
GHA3_2,Ghana,Bono,0.07073590174355249
GHA15_2,Ghana,Western,0.08415805600286276
GHA13_2,Ghana,Upper West,0.06738894245645831
GHA1_2,Ghana,Ahafo,0.12352471641912845
GHA11_2,Ghana,Savannah,0.016680245943145152
GHA2_2,Ghana,Ashanti,0.11227763732099927
GHA5_2,Ghana,Central,0.1368445916952733
GHA4_2,Ghana,Bono East,0.031599320929216426
GHA8_2,Ghana,North East,0.051741079698064275
GHA12_2,Ghana,Upper East,0.22755069959953117
GHA9_2,Ghana,Northern,0.04851728757254862
GHA6_2,Ghana,Eastern,0.10631229991268917
GHA7_2,Ghana,Greater Accra,0.4033797359357061
GHA10_2,Ghana,Oti,0.04783700699380876
GHA14_2,Ghana,Volta,0.13163586169246735
BEN.2_1,Benin,Atakora,0.0643930374626193
BEN.6_1,Benin,Donga,0.07680546880914528
BEN.7_1,Benin,Kouffo,0.22759731359649124
BEN.9_1,Benin,Mono,0.22547836798056156
TGO.1_1,Togo,Centre,0.06533292694742282
TGO.2_1,Togo,Kara,0.11229094104165163
TGO.3_1,Togo,Maritime,0.21726650043877413
TGO.4_1,Togo,Plateaux,0.08033384470902061
TGO.5_1,Togo,Savanes,0.16938980149312766
BEN.5_1,Benin,Collines,0.044392032258551005
BEN.12_1,Benin,Zou,0.12921776427531542
BEN.3_1,Benin,Atlantique,0.3639021524618678
BEN.4_1,Benin,Borgou,0.06927819070302234
BEN.8_1,Benin,Littoral,0.8750887784090909
BEN.10_1,Benin,Ouémé,0.4013451986754967
BEN.11_1,Benin,Plateau,0.19072355584698056
NGA.28_1,Nigeria,Ogun,0.17155028512353157
NGA.25_1,Nigeria,Lagos,0.4006727771849023
NGA.24_1,Nigeria,Kwara,0.05725848920841874
NGA.22_1,Nigeria,Kebbi,0.07486157710797095
NGA.27_1,Nigeria,Niger,0.07030397703691406
NGA.30_1,Nigeria,Osun,0.16417599093801882
NGA.29_1,Nigeria,Ondo,0.08997142314213881
NGA.13_1,Nigeria,Ekiti,0.1156344658723748
NGA.12_1,Nigeria,Edo,0.08531995724782175
NGA.10_1,Nigeria,Delta,0.10228571679797412
NGA.23_1,Nigeria,Kogi,0.06599876760305656
NGA.6_1,Nigeria,Bayelsa,0.04004765196377253
NGA.19_1,Nigeria,Kaduna,0.1097973453931134
NGA.4_1,Nigeria,Anambra,0.3523686434790663
NGA.17_1,Nigeria,Imo,0.44668525356227984
NGA.15_1,Nigeria,Federal Capital Territory,0.1653044181034483
NGA.21_1,Nigeria,Katsina,0.22669973285704217
NGA.14_1,Nigeria,Enugu,0.29524226754434285
NGA.26_1,Nigeria,Nasarawa,0.07165943951263364
NGA.1_1,Nigeria,Abia,0.33843333558436883
NGA.3_1,Nigeria,Akwa Ibom,0.3508638090949311
NGA.7_1,Nigeria,Benue,0.22087119430609317
NGA.11_1,Nigeria,Ebonyi,0.4617120983246361
NGA.20_1,Nigeria,Kano,0.28037354869304204
NGA.9_1,Nigeria,Cross River,0.06849753617764472
NGA.31_1,Nigeria,Oyo,0.103870672809565
NGA.33_1,Nigeria,Rivers,0.15818748435935936
NGA.34_1,Nigeria,Sokoto,0.07824869210471039
NGA.37_1,Nigeria,Zamfara,0.07163895994792928
GNB.4_1,Guinea-Bissau,Bolama,0.024558423913043477
GNB.2_1,Guinea-Bissau,Biombo,0.14230404005524863
GNB.7_1,Guinea-Bissau,Oio,0.06725896818112284
GNB.3_1,Guinea-Bissau,Bissau,0.6660748106060606
GNB.8_1,Guinea-Bissau,Quinara,0.033757606849702804
GNB.9_1,Guinea-Bissau,Tombali,0.046697617513500246
GIN.1_1,Guinea,Boké,0.03848552549063007
GNB.1_1,Guinea-Bissau,Bafatá,0.04650353646729776
GNB.6_1,Guinea-Bissau,Gabú,0.02720169143437327
GIN.5_1,Guinea,Kindia,0.06020688633679929
GIN.2_1,Guinea,Conakry,0.4158998270750988
SLE.2_1,Sierra Leone,Northern,0.043111408106936075
SLE.3_1,Sierra Leone,Southern,0.04152409199503242
GIN.6_1,Guinea,Labé,0.09318015346452937
GIN.7_1,Guinea,Mamou,0.10618147253006366
SLE.1_1,Sierra Leone,Eastern,0.050352609960234294
GIN.3_1,Guinea,Faranah,0.03263839695127686
LBR.4_1,Liberia,Grand Cape Mount,0.021372480703259006
LBR.1_1,Liberia,Bomi,0.06850489579138139
LBR.3_1,Liberia,Gbapolu,0.007713312975524796
SLE.4_1,Sierra Leone,Western,0.33380891696217496
GIN.4_1,Guinea,Kankan,0.01904502234679413
LBR.11_1,Liberia,Montserrado,0.2139110779494382
GIN.8_1,Guinea,Nzérékoré,0.03199306962941517
LBR.9_1,Liberia,Margibi,0.10939629391278013
LBR.8_1,Liberia,Lofa,0.02177725509614591
LBR.2_1,Liberia,Bong,0.045605597232061534
LBR.5_1,Liberia,Grand Bassa,0.04228215127171568
LBR.13_1,Liberia,Rivercess,0.016166958393690648
LBR.15_1,Liberia,Sinoe,0.008455561041496413
LBR.12_1,Liberia,Nimba,0.03435003922407645
LBR.6_1,Liberia,Grand Gedeh,0.007033906872096881
MLI.8_1,Mali,Sikasso,0.06998577510538861
LBR.7_1,Liberia,Grand Kru,0.013382289260969977
CIV.8_1,Côte d'Ivoire,Montagnes,0.04490819085833915
LBR.14_1,Liberia,River Gee,0.009527386675824177
CIV.12_1,Côte d'Ivoire,Woroba,0.02217226775223328
CIV.4_1,Côte d'Ivoire,Denguélé,0.008583278229655556
LBR.10_1,Liberia,Maryland,0.03392891776570985
CIV.2_1,Côte d'Ivoire,Bas-Sassandra,0.05906487416904083
CIV.9_1,Côte d'Ivoire,Sassandra-Marahoué,0.08658394918110071
CIV.10_1,Côte d'Ivoire,Savanes,0.03480484444316565
CIV.5_1,Côte d'Ivoire,Gôh-Djiboua,0.07018023515253137
CIV.11_1,Côte d'Ivoire,Vallée du Bandama,0.02833630600963013
CIV.6_1,Côte d'Ivoire,Lacs,0.034004619688522995
CIV.13_1,Côte d'Ivoire,Yamoussoukro,0.07802786987152922
BFA.2_1,Burkina Faso,Cascades,0.0743130961686605
BFA.9_1,Burkina Faso,Haut-Bassins,0.09199101168858788
CIV.7_1,Côte d'Ivoire,Lagunes,0.060939596734685186
CIV.1_1,Côte d'Ivoire,Abidjan,0.29630143202904397
CIV.14_1,Côte d'Ivoire,Zanzan,0.023665653734990848
BFA.13_1,Burkina Faso,Sud-Ouest,0.10120356676398279
CIV.3_1,Côte d'Ivoire,Comoé,0.07009634657434402
LBY.12_1,Libya,Benghazi,0.05836172867783542
LBY.13_1,Libya,Darnah,0.01581115098181961
LBY.7_1,Libya,Al Marj,0.019396736869709903
LBY.2_1,Libya,Al Jabal al Akhdar,0.04730197071592747
COG.7_1,Republic of the Congo,Likouala,0.0021023691032452155
CAF.12_1,Central African Republic,Ombella-M'Poko,0.012759496022818576
COD.2_1,Democratic Republic of the Congo,Équateur,0.009127925334712959
CAF.15_1,Central African Republic,Ouham,0.005550611331410719
CAF.7_1,Central African Republic,Lobaye,0.009827670420489648
COD.23_1,Democratic Republic of the Congo,Sud-Ubangi,0.02668849070490217
CAF.2_1,Central African Republic,Bangui,0.452942464953271
CAF.6_1,Central African Republic,Kémo,0.006527732140095871
CAF.10_1,Central African Republic,Nana-Grébizi,0.004097993611015342
CAF.1_1,Central African Republic,Bamingui-Bangoran,0.000976534237258704
COD.20_1,Democratic Republic of the Congo,Nord-Ubangi,0.014198273317591499
COD.18_1,Democratic Republic of the Congo,Mongala,0.017245200567076138
COD.26_1,Democratic Republic of the Congo,Tshuapa,0.005849567999755691
CAF.13_1,Central African Republic,Ouaka,0.006659531975790437
CAF.3_1,Central African Republic,Basse-Kotto,0.016591772151898734
CAF.17_1,Central African Republic,Vakaga,0.001882653233808407
CAF.5_1,Central African Republic,Haute-Kotto,0.0009953841627355006
CAF.9_1,Central African Republic,Mbomou,0.00310853948224873
COD.25_1,Democratic Republic of the Congo,Tshopo,0.006609351359558463
COD.1_1,Democratic Republic of the Congo,Bas-Uele,0.005246970222103583
CAF.4_1,Central African Republic,Haut-Mbomou,0.0005189409928992477
SEN.1_1,Senegal,Dakar,0.670682208755427
ESH.4_1,Western Sahara,Oued el Dahab,0.0001260575586216356
MRT.4_1,Mauritania,Dakhlet Nouadhibou,0.003364731306810396
GMB.6_1,Gambia,Western,0.2696750956480153
GMB.1_1,Gambia,Banjul,0.5181393678160919
SEN.2_1,Senegal,Diourbel,0.17259899464376807
GMB.4_1,Gambia,North Bank,0.07090268342391304
MRT.9_1,Mauritania,Inchiri,0.0012830635332529818
MRT.13_1,Mauritania,Trarza,0.007469043083235639
GMB.2_1,Gambia,Lower River,0.044906599162011174
MRT.10_1,Mauritania,Nouakchott,0.1652966002930208
GMB.3_1,Gambia,Maccarthy Island,0.06476106217438991
ESH.1_1,Western Sahara,Boujdour,0.0001808119789714204
MRT.3_1,Mauritania,Brakna,0.011341346153846153
GMB.5_1,Gambia,Upper River,0.06343199559647718
MRT.1_1,Mauritania,Adrar,0.0008026260054535513
ESH.3_1,Western Sahara,Laayoune,0.0008418947972359528
MRT.5_1,Mauritania,Gorgol,0.022424087183308496
MAR.7_1,Morocco,Laâyoune - Boujdour - Sakia El H,0.00031161408887130803
MRT.12_1,Mauritania,Tiris Zemmour,0.00018481456553196324
MRT.2_1,Mauritania,Assaba,0.01367361547469439
MRT.6_1,Mauritania,Guidimaka,0.018961707950420882
MRT.11_1,Mauritania,Tagant,0.0016146919970756984
ESH.2_1,Western Sahara,Es Semara,0.00011110063216616939
MLI.3_1,Mali,Kayes,0.018806090371690707
MAR.6_1,Morocco,Guelmim - Es-Semara,0.0017702443751457216
MRT.8_1,Mauritania,Hodh el Gharbi,0.011427198866416572
MLI.1_1,Mali,Bamako,0.8027072482638888
SEN.3_1,Senegal,Fatick,0.10730200641568817
SEN.4_1,Senegal,Kaffrine,0.04661752050681119
SEN.5_1,Senegal,Kaolack,0.11742893129623921
SEN.6_1,Senegal,Kédougou,0.011221636416284686
SEN.7_1,Senegal,Kolda,0.04701625226380924
SEN.8_1,Senegal,Louga,0.05320765606719037
SEN.9_1,Senegal,Matam,0.020389141030556866
SEN.10_1,Senegal,Saint-Louis,0.04631766607505071
SEN.11_1,Senegal,Sédhiou,0.05588404884537016
SEN.12_1,Senegal,Tambacounda,0.014173430264101223
SEN.13_1,Senegal,Thiès,0.18933571339486155
SEN.14_1,Senegal,Ziguinchor,0.07485863179702577
GNB.5_1,Guinea-Bissau,Cacheu,0.08082296948767267
BEN.1_1,Benin,Alibori,0.06376466504415114
BFA.3_1,Burkina Faso,Centre-Est,0.14356540668591355
BFA.8_1,Burkina Faso,Est,0.056759377410789576
BFA.6_1,Burkina Faso,Centre-Sud,0.13031545777211503
BFA.5_1,Burkina Faso,Centre-Ouest,0.12196987109268026
BFA.1_1,Burkina Faso,Boucle du Mouhoun,0.0762722917673351
MLI.5_1,Mali,Koulikoro,0.045111347270655425
BFA.11_1,Burkina Faso,Plateau-Central,0.17738359960576267
BFA.7_1,Burkina Faso,Centre,0.4084024698313463
BFA.4_1,Burkina Faso,Centre-Nord,0.1208133275519269
BFA.10_1,Burkina Faso,Nord,0.1170029402818615
BFA.12_1,Burkina Faso,Sahel,0.05392194315312213
MLI.6_1,Mali,Mopti,0.02570992341442842
MLI.2_1,Mali,Gao,0.004243764727386186
MLI.4_1,Mali,Kidal,0.0004048711498488284
DZA.1_1,Algeria,Adrar,0.0008187303299662099
DZA.44_1,Algeria,Tindouf,0.0010037120429299453
DZA.7_1,Algeria,Béchar,0.0011180981241646311
MAR.12_1,Morocco,Souss - Massa - Draâ,0.01900804361251768
MAR.9_1,Morocco,Meknès - Tafilalet,0.007845380017415072
DZA.17_1,Algeria,El Bayadh,0.0025362020772815297
MAR.8_1,Morocco,Marrakech - Tensift - Al Haouz,0.02967604213673285
MAR.13_1,Morocco,Tadla - Azilal,0.031301551424640923
MAR.2_1,Morocco,Doukkala - Abda,0.04563789662616729
MAR.10_1,Morocco,Oriental,0.011995251051162567
DZA.31_1,Algeria,Naâma,0.00469034303152263
MAR.1_1,Morocco,Chaouia - Ouardigha,0.036873103712645176
MAR.3_1,Morocco,Fès - Boulemane,0.01499550672541744
MAR.11_1,Morocco,Rabat - Salé - Zemmour - Zaer,0.03234587607750944
MAR.5_1,Morocco,Grand Casablanca,0.5474752286585366
MAR.15_1,Morocco,Taza - Al Hoceima - Taounate,0.018287933561509238
DZA.38_1,Algeria,Sidi Bel Abbès,0.038169466542541185
MLI.7_1,Mali,Ségou,0.05391888875197494
MLI.9_1,Mali,Timbuktu,0.0017850737219217338
MRT.7_1,Mauritania,Hodh ech Chargui,0.003484251609453744
NER.3_1,Niger,Dosso,0.052680325347902006
NER.5_1,Niger,Niamey,0.5990368373180873
NER.7_1,Niger,Tillabéry,0.034265480040805874
DZA.41_1,Algeria,Tamanghasset,0.000529793888599857
DZA.22_1,Algeria,Illizi,0.0010843566446999988
LBY.14_1,Libya,Ghat,0.001619702592630849
LBY.17_1,Libya,Nalut,0.00362564592849397
DZA.33_1,Algeria,Ouargla,0.0019985568890919735
DZA.20_1,Algeria,Ghardaïa,0.002912068164247431
DZA.18_1,Algeria,El Oued,0.009029124250638799
DZA.25_1,Algeria,Laghouat,0.008486180130267801
DZA.16_1,Algeria,Djelfa,0.014757732981284886
DZA.9_1,Algeria,Biskra,0.018199886618048926
DZA.24_1,Algeria,Khenchela,0.03569879269188395
DZA.26_1,Algeria,M'Sila,0.044417724609375
DZA.42_1,Algeria,Tébessa,0.059708075347369535
DZA.6_1,Algeria,Batna,0.09079157187697978
DZA.34_1,Algeria,Oum el Bouaghi,0.07404373957754308
DZA.35_1,Algeria,Relizane,0.11125388503858245
DZA.28_1,Algeria,Médéa,0.030520750298923875
DZA.37_1,Algeria,Sétif,0.07210044340996567
DZA.11_1,Algeria,Bordj Bou Arréridj,0.046926026037069725
DZA.40_1,Algeria,Souk Ahras,0.011780886151197113
DZA.12_1,Algeria,Bouira,0.007026892237372172
DZA.29_1,Algeria,Mila,0.005967088357382882
DZA.21_1,Algeria,Guelma,0.0
DZA.15_1,Algeria,Constantine,0.0
DZA.8_1,Algeria,Béjaïa,0.0
DZA.19_1,Algeria,El Tarf,0.0
DZA.39_1,Algeria,Skikda,0.0
DZA.47_1,Algeria,Tizi Ouzou,0.0
DZA.23_1,Algeria,Jijel,0.0
DZA.13_1,Algeria,Boumerdès,0.0
DZA.5_1,Algeria,Annaba,0.0
DZA.14_1,Algeria,Chlef,0.006538304224035356
DZA.2_1,Algeria,Aïn Defla,0.004392524920103485
DZA.46_1,Algeria,Tissemsilt,0.08415413814645806
DZA.10_1,Algeria,Blida,0.0
DZA.45_1,Algeria,Tipaza,0.0
DZA.4_1,Algeria,Alger,0.0
NER.1_1,Niger,Agadez,0.000606911899014517
NER.2_1,Niger,Diffa,0.003516846554478166
NER.4_1,Niger,Maradi,0.06930745872019413
NER.6_1,Niger,Tahoua,0.02047476951973445
NER.8_1,Niger,Zinder,0.02333056230220846
TUN.6_1,Tunisia,Gafsa,0.08057595103487926
TUN.10_1,Tunisia,Kebili,0.0046227008058440065
TUN.22_1,Tunisia,Tozeur,0.010324339589850538
COD.24_1,Democratic Republic of the Congo,Tanganyika,0.009634580183749752
AGO.17_1,Angola,Uíge,0.011735689783717971
COD.12_1,Democratic Republic of the Congo,Kwango,0.0119765136691089
COD.14_1,Democratic Republic of the Congo,Lomami,0.0229960928890778
COD.7_1,Democratic Republic of the Congo,Kasaï-Central,0.027595287724261147
AGO.18_1,Angola,Zaire,0.006866873651047831
COD.9_1,Democratic Republic of the Congo,Kasaï,0.012140418091971859
COD.8_1,Democratic Republic of the Congo,Kasaï-Oriental,0.061165920449812575
COD.13_1,Democratic Republic of the Congo,Kwilu,0.036597684156588914
COD.11_1,Democratic Republic of the Congo,Kongo-Central,0.039065278798729015
COD.21_1,Democratic Republic of the Congo,Sankuru,0.0028862404242491115
AGO.4_1,Angola,Cabinda,0.036727708207604105
COD.10_1,Democratic Republic of the Congo,Kinshasa,0.07622536204719438
COD.17_1,Democratic Republic of the Congo,Maniema,0.007907486311518728
COD.22_1,Democratic Republic of the Congo,Sud-Kivu,0.04058508697112379
COG.1_1,Republic of the Congo,Bouenza,0.02007036409750119
COD.16_1,Democratic Republic of the Congo,Mai-Ndombe,0.007035907375039045
COG.2_1,Republic of the Congo,Brazzaville,0.7373847336065574
COG.5_1,Republic of the Congo,Kouilou,0.023909437365795125
COG.6_1,Republic of the Congo,Lékoumou,0.00384333498163323
COG.8_1,Republic of the Congo,Niari,0.006798032078499549
COG.9_1,Republic of the Congo,Plateaux,0.005600052098958557
COG.10_1,Republic of the Congo,Pointe Noire,0.958309659090909
COG.11_1,Republic of the Congo,Pool,0.017132726994200015
GAB.5_1,Gabon,Nyanga,0.0036509065837343033
DZA.43_1,Algeria,Tiaret,0.040629836869075515
MAR.4_1,Morocco,Gharb - Chrarda - Béni Hssen,0.057524880332040715
DZA.48_1,Algeria,Tlemcen,0.07322280070066174
DZA.36_1,Algeria,Saïda,0.05486893004383676
MAR.14_1,Morocco,Tanger - Tétouan,0.05144145473306016
DZA.27_1,Algeria,Mascara,0.12403980984960553
DZA.3_1,Algeria,Aïn Témouchent,0.10314373720386077
ESP.7_1,Spain,Ceuta y Melilla,0.6310369318181818
DZA.32_1,Algeria,Oran,0.19983700539568344
DZA.30_1,Algeria,Mostaganem,0.21007544797233574
BWA.16_1,Botswana,Sowa,0.628125
BWA.6_1,Botswana,Jwaneng,0.6544117647058824
BWA.10_1,Botswana,Lobatse,0.6690340909090909
BWA.13_1,Botswana,Selibe Phikwe,0.5271381578947368
BWA.3_1,Botswana,Francistown,0.5673828125
SHN.1_1,"Saint Helena, Ascension and Tris",Ascension,0.0
SHN.2_1,"Saint Helena, Ascension and Tris",Saint Helena,0.0
BWA.4_1,Botswana,Gaborone,0.6401742788461539
AGO.11_1,Angola,Luanda,0.4674163892251816
BWA.14_1,Botswana,South-East,0.12441890495867769
BWA.11_1,Botswana,North-East,0.06728072138829626
BWA.8_1,Botswana,Kgatleng,0.04300245835841862
BWA.2_1,Botswana,Chobe,0.0031081241289873025
NAM.13_1,Namibia,Zambezi,0.02182363481587355
AGO.6_1,Angola,Cuanza Norte,0.010883279620895098
BWA.15_1,Botswana,Southern,0.0273454164415119
AGO.9_1,Angola,Huambo,0.06309137583469825
BWA.9_1,Botswana,Kweneng,0.020686919309899143
AGO.2_1,Angola,Benguela,0.0483345278346274
AGO.1_1,Angola,Bengo,0.01137356124944693
AGO.7_1,Angola,Cuanza Sul,0.023240308781740545
NAM.4_1,Namibia,Kavango,0.010462263227601373
ZAF.1_1,South Africa,Eastern Cape,0.07793899369412756
ZAF.2_1,South Africa,Free State,0.033010332500608607
ZAF.4_1,South Africa,KwaZulu-Natal,0.17870804935612805
ZAF.8_1,South Africa,Northern Cape,0.007199003499039578
ZAF.9_1,South Africa,Western Cape,0.03660158637550703
CMR.3_1,Cameroon,Est,0.008584233220150684
GNQ.5_1,Equatorial Guinea,Kié-Ntem,0.03914623317547358
CMR.10_1,Cameroon,Sud,0.021282473389861088
CAF.16_1,Central African Republic,Sangha-Mbaéré,0.004667952520542886
CMR.2_1,Cameroon,Centre,0.05061600101519072
GNQ.3_1,Equatorial Guinea,Bioko Sur,0.01258056640625
CMR.5_1,Cameroon,Littoral,0.050765696480006776
GNQ.2_1,Equatorial Guinea,Bioko Norte,0.1481243166909621
CAF.8_1,Central African Republic,Mambéré-Kadéï,0.0078087961167140766
CMR.9_1,Cameroon,Sud-Ouest,0.03495054548405837
CMR.8_1,Cameroon,Ouest,0.2330427747412579
CAF.11_1,Central African Republic,Nana-Mambéré,0.007658722216990017
CAF.14_1,Central African Republic,Ouham-Pendé,0.01016538314919344
CMR.6_1,Cameroon,Nord-Ouest,0.1387537265758092
CMR.1_1,Cameroon,Adamaoua,0.02099559451806509
NGA.35_1,Nigeria,Taraba,0.05319795570504183
CMR.7_1,Cameroon,Nord,0.02867447133518528
NGA.2_1,Nigeria,Adamawa,0.0859586418765991
NGA.32_1,Nigeria,Plateau,0.14804519008687939
NGA.5_1,Nigeria,Bauchi,0.1132683408674509
NGA.16_1,Nigeria,Gombe,0.1068852148735494
TCD.4_1,Chad,Chari-Baguirmi,0.020675901885761138
TCD.7_1,Chad,Guéra,0.007436901101013152
CMR.4_1,Cameroon,Extrême-Nord,0.0954759219181767
NGA.8_1,Nigeria,Borno,0.040961715536034504
NGA.36_1,Nigeria,Yobe,0.05068924136192833
NGA.18_1,Nigeria,Jigawa,0.1478481340554472
TCD.2_1,Chad,Batha,0.005731856550980122
TCD.1_1,Chad,Barh el Ghazel,0.004448918728681486
TCD.8_1,Chad,Hadjer-Lamis,0.026819803547927176
TCD.9_1,Chad,Kanem,0.009494016655276357
TCD.10_1,Chad,Lac,0.04071645351516675
TCD.11_1,Chad,Logone Occidental,0.08370519664941041
TCD.12_1,Chad,Logone Oriental,0.04623779941321253
TCD.13_1,Chad,Mandoul,0.04719681150899481
TCD.14_1,Chad,Mayo-Kebbi Est,0.052827693096536614
TCD.15_1,Chad,Mayo-Kebbi Ouest,0.06028104796619301
TCD.16_1,Chad,Moyen-Chari,0.016354298043084685
TCD.20_1,Chad,Tandjilé,0.05478402016633016
TCD.22_1,Chad,Ville de N'Djamena,0.570850436970339
TUN.2_1,Tunisia,Béja,0.0
TUN.3_1,Tunisia,Ben Arous (Tunis Sud),0.0
TUN.1_1,Tunisia,Ariana,0.0
TUN.4_1,Tunisia,Bizerte,0.0
TUN.5_1,Tunisia,Gabès,0.06796240444338271
TUN.7_1,Tunisia,Jendouba,0.0
TUN.8_1,Tunisia,Kairouan,0.2606287390628294
TUN.9_1,Tunisia,Kassérine,0.15927769224910784
TUN.11_1,Tunisia,Le Kef,0.06057139346806456
TUN.12_1,Tunisia,Mahdia,0.3678841441549127
TUN.13_1,Tunisia,Manubah,0.0
TUN.14_1,Tunisia,Médenine,0.1262989442181395
TUN.15_1,Tunisia,Monastir,0.4014565959900639
TUN.16_1,Tunisia,Nabeul,0.0
TUN.17_1,Tunisia,Sfax,0.23088396778916545
TUN.18_1,Tunisia,Sidi Bou Zid,0.2440655549594659
TUN.19_1,Tunisia,Siliana,0.06468823942620526
TUN.20_1,Tunisia,Sousse,0.16634814718839078
TUN.21_1,Tunisia,Tataouine,0.011717743586558457
TUN.23_1,Tunisia,Tunis,0.0
TUN.24_1,Tunisia,Zaghouan,0.0
NAM.1_1,Namibia,!Karas,0.001638534955412382
NAM.3_1,Namibia,Hardap,0.0028394272840041516
NAM.5_1,Namibia,Khomas,0.00899746648579636
NAM.2_1,Namibia,Erongo,0.005086464585178993
NAM.6_1,Namibia,Kunene,0.002082792879328598
NAM.11_1,Namibia,Oshikoto,0.03271209483446769
NAM.9_1,Namibia,Omusati,0.07083046567580759
NAM.10_1,Namibia,Oshana,0.09723867902393242
NAM.7_1,Namibia,Ohangwena,0.1651142743442123
GAB.4_1,Gabon,Ngounié,0.003079050253688497
GAB.8_1,Gabon,Ogooué-Maritime,0.005538919362662786
GAB.2_1,Gabon,Haut-Ogooué,0.005394680122727388
COG.4_1,Republic of the Congo,Cuvette,0.003946808320632501
GAB.7_1,Gabon,Ogooué-Lolo,0.002487478655754114
GAB.3_1,Gabon,Moyen-Ogooué,0.004873732986676891
COG.3_1,Republic of the Congo,Cuvette-Ouest,0.002602674229794033
GAB.6_1,Gabon,Ogooué-Ivindo,0.0019644870730317204
GAB.1_1,Gabon,Estuaire,0.02260035033149647
COG.12_1,Republic of the Congo,Sangha,0.0015342344361147326
GAB.9_1,Gabon,Wouleu-Ntem,0.005012719638095672
GNQ.6_1,Equatorial Guinea,Litoral,0.029766836311989585
GNQ.7_1,Equatorial Guinea,Wele-Nzas,0.01979242040520984
GNQ.4_1,Equatorial Guinea,Centro Sur,0.013252783400809716
BWA.7_1,Botswana,Kgalagadi,0.0018618116023712552
AGO.3_1,Angola,Bié,0.017992972066601713
AGO.16_1,Angola,Namibe,0.004081251334614564
NAM.12_1,Namibia,Otjozondjupa,0.0047419886616572515
AGO.12_1,Angola,Lunda Norte,0.0029602839991849914
COD.4_1,Democratic Republic of the Congo,Haut-Lomami,0.00859183536462413
COD.15_1,Democratic Republic of the Congo,Lualaba,0.008216792402081185
AGO.14_1,Angola,Malanje,0.006606266545928419
AGO.5_1,Angola,Cuando Cubango,0.0014504396572315777
BWA.1_1,Botswana,Central,0.014879274868256642
AGO.15_1,Angola,Moxico,0.0020220263609422935
COD.3_1,Democratic Republic of the Congo,Haut-Katanga,0.013334553439155229
AGO.8_1,Angola,Cunene,0.02405790734187707
AGO.10_1,Angola,Huíla,0.04454376005404212
AGO.13_1,Angola,Lunda Sul,0.002337319681029175
BWA.12_1,Botswana,North-West,0.0039518511109019015
BWA.5_1,Botswana,Ghanzi,0.0014602988169468301
NAM.8_1,Namibia,Omaheke,0.0041890162957820476
ZAF.7_1,South Africa,North West,0.05540795202282918
ZMB.7_1,Zambia,North-Western,0.013065156806753471
ZMB.9_1,Zambia,Southern,0.0690078432858442
ZMB.10_1,Zambia,Western,0.022877040454938557
ETH.8_1,Ethiopia,Oromia,0.013579512486559493
SSD.10_1,South Sudan,West Equatoria,0.000767795820515027
ETH.10_1,Ethiopia,"Southern Nations, Nationalities",0.01329674369338468
ETH.6_1,Ethiopia,Gambela Peoples,0.0011428497301784973
SSD.9_1,South Sudan,West Bahr-al-Ghazal,0.00039971846958259543
SSD.5_1,South Sudan,North Bahr-al-Ghazal,0.0009337600388431053
SDN.14_1,Sudan,South Darfur,0.0015673271948205458
ETH.3_1,Ethiopia,Amhara,0.010151564918378464
ETH.1_1,Ethiopia,Addis Abeba,0.7109066449447078
ETH.2_1,Ethiopia,Afar,0.0007498306967768208
ETH.4_1,Ethiopia,Benshangul-Gumaz,0.001393897880071669
TCD.18_1,Chad,Salamat,0.003758538314673389
SDN.5_1,Sudan,East Darfur,0.0008661656338971697
SDN.4_1,Sudan,Central Darfur,0.0013207569736812482
TCD.19_1,Chad,Sila,0.014263688107222287
SDN.8_1,Sudan,North Darfur,0.00042597333679241867
SDN.16_1,Sudan,West Darfur,0.0033657526679624467
ETH.11_1,Ethiopia,Tigray,0.006341502644645088
TCD.17_1,Chad,Ouaddaï,0.0371529864041584
ERI.4_1,Eritrea,Gash Barka,0.029990399641713676
ERI.2_1,Eritrea,Semenawi Keyih Bahri,0.00962578255173746
ERI.5_1,Eritrea,Debub,0.09118791327290243
ERI.1_1,Eritrea,Maekel,0.17574942718940936
TCD.3_1,Chad,Borkou,0.00017532115884983377
ERI.6_1,Eritrea,Anseba,0.022800231994195373
TCD.5_1,Chad,Ennedi Est,0.0008367738203290731
TCD.6_1,Chad,Ennedi Ouest,0.0004627272910056005
SDN.10_1,Sudan,Northern,0.0007416976072607261
TCD.21_1,Chad,Tibesti,0.00038392893893627667
LBY.6_1,Libya,Al Kufrah,0.0003010163787346927
EGY.2_1,Egypt,Al Bahr al Ahmar,0.0032131071597904922
EGY.17_1,Egypt,Aswan,0.009296756388152647
EGY.14_1,Egypt,Al Wadi al Jadid,0.0005639258472878046
EGY.25_1,Egypt,Qina,0.07561633211678832
EGY.13_1,Egypt,Al Uqsur,0.27184678549190533
TCD.23_1,Chad,Wadi Fira,0.022891896702449302
EGY.27_1,Egypt,Suhaj,0.10790681744795624
EGY.18_1,Egypt,Asyut,0.05725669931247693
LBY.9_1,Libya,Al Wahat,0.001817023997328791
EGY.10_1,Egypt,Al Minya,0.032136140917964046
EGY.24_1,Egypt,Matrouh,0.005318339866587775
EGY.8_1,Egypt,Al Jizah,0.03040229636384302
EGY.22_1,Egypt,Janub Sina',0.007214115747497247
LBY.1_1,Libya,Al Butnan,0.0032702275710228546
EGY.19_1,Egypt,Bani Suwayf,0.05076832723305413
EGY.4_1,Egypt,Al Fayyum,0.12628544966785896
EGY.15_1,Egypt,As Suways,0.036589758952622405
EGY.26_1,Egypt,Shamal Sina',0.006912288861944979
EGY.11_1,Egypt,Al Qahirah,0.2900839187195278
EGY.3_1,Egypt,Al Buhayrah,0.2550740693718966
EGY.12_1,Egypt,Al Qalyubiyah,0.656518790192926
EGY.6_1,Egypt,Al Iskandariyah,0.32401226711438474
UGA.5_1,Uganda,Bundibugyo,0.1546324410967473
UGA.10_1,Uganda,Iganga,0.4380983756454389
COD.6_1,Democratic Republic of the Congo,Ituri,0.0607848779846083
UGA.9_1,Uganda,Hoima,0.26906473633270767
COD.5_1,Democratic Republic of the Congo,Haut-Uele,0.01606537918588658
UGA.14_1,Uganda,Kaberamaido,0.39773118121069184
UGA.2_1,Uganda,Apac,0.38139767405685093
UGA.8_1,Uganda,Gulu,0.15373861814612003
UGA.3_1,Uganda,Arua,0.37570706246158575
UGA.1_1,Uganda,Adjumani,0.11898756553532008
SSD.1_1,South Sudan,Central Equatoria,0.004593447961728828
SSD.2_1,South Sudan,Eastern Equatoria,0.0004655278547245306
SSD.4_1,South Sudan,Lakes,0.0004837573586061121
SSD.3_1,South Sudan,Jungoli,0.0004101544886336046
SSD.8_1,South Sudan,Warap,0.0010871953441512507
SSD.6_1,South Sudan,Unity,0.000778792557128319
SSD.7_1,South Sudan,Upper Nile,0.0010079861717096795
SDN.17_1,Sudan,West Kurdufan,0.0014627705148535395
SDN.3_1,Sudan,Blue Nile,0.0036461223640399556
SDN.15_1,Sudan,South Kurdufan,0.0014723525955851289
SDN.13_1,Sudan,Sennar,0.009832887821440383
SDN.18_1,Sudan,White Nile,0.010756764271755852
SDN.9_1,Sudan,North Kurdufan,0.0009406575430759974
SDN.2_1,Sudan,Al Qadarif,0.0036618470994421505
SDN.1_1,Sudan,Al Jazirah,0.045747305610657
SDN.6_1,Sudan,Kassala,0.0029490408890091063
SDN.7_1,Sudan,Khartoum,0.05899138493129355
SDN.12_1,Sudan,River Nile,0.00350295912635049
SDN.11_1,Sudan,Red Sea,0.0007502317654603245
UGA.17_1,Uganda,Kamuli,0.32339605601741883
UGA.22_1,Uganda,Katakwi,0.2732850317453554
UGA.23_1,Uganda,Kayunga,0.24681270373620862
UGA.24_1,Uganda,Kibale,0.3106473484466411
UGA.25_1,Uganda,Kiboga,0.14724734676053355
UGA.27_1,Uganda,Kitgum,0.06771403096535096
UGA.28_1,Uganda,Kotido,0.022412009008864336
UGA.29_1,Uganda,Kumi,0.41637748802753666
UGA.31_1,Uganda,Lake Albert,0.0024986584384223236
UGA.33_1,Uganda,Lira,0.3683768601629857
UGA.34_1,Uganda,Luwero,0.18509701107357357
UGA.36_1,Uganda,Masindi,0.13659557649803536
UGA.40_1,Uganda,Moroto,0.016288709879638916
UGA.41_1,Uganda,Moyo,0.11042025862068966
UGA.46_1,Uganda,Nakasongola,0.11346260482498785
UGA.47_1,Uganda,Nebbi,0.2995949501477105
UGA.49_1,Uganda,Pader,0.13367715332213512
UGA.50_1,Uganda,Pallisa,0.4939347686375321
UGA.55_1,Uganda,Soroti,0.4328455551684824
UGA.56_1,Uganda,Tororo,0.5145678452051636
UGA.58_1,Uganda,Yumbe,0.26318861279368577
LSO.9_1,Lesotho,Quthing,0.09101377092180864
LSO.6_1,Lesotho,Mohale's Hoek,0.12185093824036183
LSO.8_1,Lesotho,Qacha's Nek,0.06836143019992985
LSO.4_1,Lesotho,Mafeteng,0.18175248280460415
LSO.5_1,Lesotho,Maseru,0.15500689156447786
LSO.10_1,Lesotho,Thaba-Tseka,0.05224315002318751
LSO.7_1,Lesotho,Mokhotlong,0.047444456912028726
LSO.1_1,Lesotho,Berea,0.21344614136568849
LSO.3_1,Lesotho,Leribe,0.1949086915360085
LSO.2_1,Lesotho,Butha-Buthe,0.11771479447014298
SWZ.4_1,Swaziland,Shiselweni,0.20987726605225845
SWZ.2_1,Swaziland,Lubombo,0.14902661081629978
SWZ.3_1,Swaziland,Manzini,0.25343419342862444
MOZ.6_1,Mozambique,Maputo,0.06131757469615125
SWZ.1_1,Swaziland,Hhohho,0.26282704639012033
MOZ.5_1,Mozambique,Maputo City,0.7695269289269911
MOZ.2_1,Mozambique,Gaza,0.032286317981222126
MOZ.3_1,Mozambique,Inhambane,0.055557326201749045
MOZ.4_1,Mozambique,Manica,0.05720890377722279
MOZ.9_1,Mozambique,Sofala,0.03757321317149988
MOZ.10_1,Mozambique,Tete,0.032507611835926334
MWI.11_1,Malawi,Lilongwe,0.29604794043512866
MWI.6_1,Malawi,Dedza,0.16706214546191248
MWI.14_1,Malawi,Mchinji,0.21248168279716467
MWI.7_1,Malawi,Dowa,0.2941018282312925
MWI.9_1,Malawi,Kasungu,0.21875496767698177
MWI.23_1,Malawi,Ntchisi,0.27733240561471445
MWI.20_1,Malawi,Nkhotakota,0.08263080816792273
MWI.17_1,Malawi,Mzimba,0.26472676805932066
MWI.19_1,Malawi,Nkhata Bay,0.05648411079253051
MWI.25_1,Malawi,Rumphi,0.092613866870553
ZAF.3_1,South Africa,Gauteng,0.33975456923207253
ZAF.5_1,South Africa,Limpopo,0.07184767733485832
ZAF.6_1,South Africa,Mpumalanga,0.07106856362555301
ZMB.1_1,Zambia,Central,0.04646933623578218
ZMB.2_1,Zambia,Copperbelt,0.07323462008982437
ZMB.3_1,Zambia,Eastern,0.07272845460478017
ZMB.5_1,Zambia,Lusaka,0.07800655201070213
ZWE.1_1,Zimbabwe,Bulawayo,0.4756178134272997
ZWE.2_1,Zimbabwe,Harare,0.7295901816608996
ZWE.3_1,Zimbabwe,Manicaland,0.163277809385712
ZWE.4_1,Zimbabwe,Mashonaland Central,0.1142406118774058
ZWE.5_1,Zimbabwe,Mashonaland East,0.1519955057602228
ZWE.6_1,Zimbabwe,Mashonaland West,0.08201788520891841
ZWE.7_1,Zimbabwe,Masvingo,0.09632059096776023
ZWE.8_1,Zimbabwe,Matabeleland North,0.05154508781912267
ZWE.9_1,Zimbabwe,Matabeleland South,0.07334873890226608
ZWE.10_1,Zimbabwe,Midlands,0.1092302624028593
TZA.4_1,Tanzania,Geita,0.1491132306019591
TZA.24_1,Tanzania,Simiyu,0.21283918669721644
TZA.16_1,Tanzania,Mwanza,0.17701608895917592
TZA.6_1,Tanzania,Kagera,0.08918191909656667
BDI.9_1,Burundi,Kayanza,0.48962102026049203
BDI.13_1,Burundi,Muyinga,0.28361386802575106
BDI.6_1,Burundi,Cibitoke,0.28242616758241756
BDI.15_1,Burundi,Ngozi,0.41354324018126887
RWA.2_1,Rwanda,Amajyepfo,0.542673305221315
BDI.10_1,Burundi,Kirundo,0.34318494496855345
RWA.4_1,Rwanda,Iburengerazuba,0.432521902719209
TZA.12_1,Tanzania,Mara,0.13015722773556443
RWA.3_1,Rwanda,Iburasirazuba,0.3558897428526335
RWA.5_1,Rwanda,Umujyi wa Kigali,0.839386343676815
COD.19_1,Democratic Republic of the Congo,Nord-Kivu,0.055417355864413195
RWA.1_1,Rwanda,Amajyaruguru,0.6077600740131579
UGA.12_1,Uganda,Kabale,0.4999980945121951
UGA.6_1,Uganda,Bushenyi,0.39478835255517997
UGA.4_1,Uganda,Bugiri,0.4487034135883905
KEN.4_1,Kenya,Busia,0.6584522433617829
UGA.7_1,Uganda,Busia,0.6325746487119438
UGA.13_1,Uganda,Kabarole,0.3740097601540616
UGA.11_1,Uganda,Jinja,0.4748739608990148
UGA.15_1,Uganda,Kalangala,0.0697141243545611
UGA.16_1,Uganda,Kampala,0.9636288875598086
UGA.18_1,Uganda,Kamwenge,0.3835572768175339
UGA.19_1,Uganda,Kanungu,0.38966058857236413
UGA.21_1,Uganda,Kasese,0.22936626826454756
UGA.26_1,Uganda,Kisoro,0.5243626644736842
UGA.30_1,Uganda,Kyenjojo,0.3619476076055161
UGA.32_1,Uganda,Lake Victoria,0.003229831366824188
UGA.35_1,Uganda,Masaka,0.4515307628719887
UGA.37_1,Uganda,Mayuge,0.3930341541858679
UGA.39_1,Uganda,Mbarara,0.34129018847006654
UGA.42_1,Uganda,Mpigi,0.2742393783976184
UGA.43_1,Uganda,Mubende,0.29163977523062096
UGA.44_1,Uganda,Mukono,0.33542841478696744
UGA.48_1,Uganda,Ntungamo,0.4941893718801997
UGA.51_1,Uganda,Rakai,0.3216844550635465
UGA.52_1,Uganda,Rukungiri,0.44439855174353204
UGA.53_1,Uganda,Sembabule,0.26972807098197865
UGA.57_1,Uganda,Wakiso,0.5935172798984996
MWI.5_1,Malawi,Chitipa,0.20041454081632654
MWI.8_1,Malawi,Karonga,0.07316306763575205
TZA.17_1,Tanzania,Njombe,0.0925664048602601
TZA.13_1,Tanzania,Mbeya,0.06390167339204786
TZA.31_1,Tanzania,Songwe,0.08752566535271925
TZA.21_1,Tanzania,Rukwa,0.04037525325369807
TZA.7_1,Tanzania,Katavi,0.02918989473547583
TZA.25_1,Tanzania,Singida,0.10264872116546687
TZA.26_1,Tanzania,Tabora,0.11200241894116188
TZA.8_1,Tanzania,Kigoma,0.038780250648228175
TZA.23_1,Tanzania,Shinyanga,0.2794965584272288
BDI.16_1,Burundi,Rutana,0.379805893021649
BDI.7_1,Burundi,Gitega,0.4915631331607384
BDI.3_1,Burundi,Bujumbura Rural,0.46189692982456143
BDI.17_1,Burundi,Ruyigi,0.3293682349031523
BDI.14_1,Burundi,Mwaro,0.5956970531088083
BDI.2_1,Burundi,Bujumbura Mairie,0.5174067982456141
BDI.12_1,Burundi,Muramvya,0.6106954225352113
BDI.5_1,Burundi,Cankuzo,0.278923210651289
BDI.8_1,Burundi,Karuzi,0.3191496430741191
BDI.1_1,Burundi,Bubanza,0.3114231760307195
BDI.11_1,Burundi,Makamba,0.3704193176147705
BDI.4_1,Burundi,Bururi,0.3897655603804797
ZMB.4_1,Zambia,Luapula,0.03647219741896354
ZMB.6_1,Zambia,Muchinga,0.029518048872796698
ZMB.8_1,Zambia,Northern,0.04094058968926554
EGY.23_1,Egypt,Kafr ash Shaykh,0.3050881605196575
EGY.9_1,Egypt,Al Minufiyah,0.4700871189543597
EGY.5_1,Egypt,Al Gharbiyah,0.4628733788631347
EGY.1_1,Egypt,Ad Daqahliyah,0.3478541232121573
EGY.16_1,Egypt,Ash Sharqiyah,0.4061618484355531
EGY.21_1,Egypt,Dumyat,0.36763938761645965
EGY.7_1,Egypt,Al Isma`iliyah,0.1570466660716604
EGY.20_1,Egypt,Bur Sa`id,0.13876731738035264
TZA.5_1,Tanzania,Iringa,0.05547196002019592
TZA.3_1,Tanzania,Dodoma,0.10523821461210398
TZA.2_1,Tanzania,Dar es Salaam,0.7061920245199792
TZA.28_1,Tanzania,Kaskazini Unguja,0.27140514770723106
TZA.19_1,Tanzania,Kusini Pemba,0.2684744220890411
TZA.18_1,Tanzania,Kaskazini Pemba,0.22087686924846625
KEN.19_1,Kenya,Kwale,0.13003221124465267
TZA.9_1,Tanzania,Kilimanjaro,0.17354928722408675
KEN.28_1,Kenya,Mombasa,0.6192097065916399
TZA.1_1,Tanzania,Arusha,0.08249859489930929
KEN.39_1,Kenya,Taita Taveta,0.04468412942989214
KEN.14_1,Kenya,Kilifi,0.10518087114827052
KEN.10_1,Kenya,Kajiado,0.08658431855700136
KEN.40_1,Kenya,Tana River,0.00654666127591915
KEN.18_1,Kenya,Kitui,0.12909888338382564
KEN.23_1,Kenya,Makueni,0.4510590966638822
KEN.33_1,Kenya,Narok,0.14562879434642384
KEN.22_1,Kenya,Machakos,0.5840524686437075
KEN.30_1,Kenya,Nairobi,0.6848834177592372
KEN.27_1,Kenya,Migori,0.5911890386673803
KEN.13_1,Kenya,Kiambu,0.6163701843241448
KEN.31_1,Kenya,Nakuru,0.38563171966144344
KEN.29_1,Kenya,Murang'a,0.6839353160871033
KEN.2_1,Kenya,Bomet,0.5695467063848921
KEN.16_1,Kenya,Kisii,0.9553369424692955
KEN.6_1,Kenya,Embu,0.4909482600058858
KEN.35_1,Kenya,Nyandarua,0.5380688316993464
KEN.34_1,Kenya,Nyamira,0.849286358173077
KEN.8_1,Kenya,Homa Bay,0.43524724181073704
KEN.15_1,Kenya,Kirinyaga,0.5709136260952903
KEN.12_1,Kenya,Kericho,0.4537393936258278
KEN.36_1,Kenya,Nyeri,0.41753226945800154
KEN.41_1,Kenya,Tharaka-Nithi,0.41141237204376985
TZA.29_1,Tanzania,Kusini Unguja,0.19104980009407338
TZA.10_1,Tanzania,Lindi,0.017737547768637865
TZA.11_1,Tanzania,Manyara,0.08219544762095891
TZA.30_1,Tanzania,Mjini Magharibi,0.6893405720338983
TZA.14_1,Tanzania,Morogoro,0.040978848360408236
TZA.15_1,Tanzania,Mtwara,0.08287414687733732
TZA.20_1,Tanzania,Pwani,0.0573657287546836
TZA.22_1,Tanzania,Ruvuma,0.04191995504495504
TZA.27_1,Tanzania,Tanga,0.08716245768565183
KEN.38_1,Kenya,Siaya,0.5444232661091982
KEN.17_1,Kenya,Kisumu,0.5342890299165864
KEN.20_1,Kenya,Laikipia,0.1425084830227558
KEN.26_1,Kenya,Meru,0.30236285146699265
KEN.1_1,Kenya,Baringo,0.12285784304066835
KEN.32_1,Kenya,Nandi,0.5475338997435124
KEN.9_1,Kenya,Isiolo,0.005078046250251999
KEN.45_1,Kenya,Vihiga,0.9175254026073619
KEN.44_1,Kenya,Uasin Gishu,0.5754559400697732
KEN.11_1,Kenya,Kakamega,0.8164076158216783
KEN.5_1,Kenya,Elgeyo-Marakwet,0.2531994840846786
KEN.3_1,Kenya,Bungoma,0.6174949536483254
KEN.37_1,Kenya,Samburu,0.014558920598189529
KEN.42_1,Kenya,Trans Nzoia,0.523320652173913
KEN.43_1,Kenya,Turkana,0.007318329858647784
KEN.47_1,Kenya,West Pokot,0.1252604869735421
KEN.25_1,Kenya,Marsabit,0.002768775133482022
UGA.20_1,Uganda,Kapchorwa,0.18283329226219813
UGA.38_1,Uganda,Mbale,0.567555003894081
UGA.45_1,Uganda,Nakapiripirit,0.023952804721815518
UGA.54_1,Uganda,Sironko,0.2839130752730109
MOZ.11_1,Mozambique,Zambezia,0.09319403439169234
MWI.21_1,Malawi,Nsanje,0.14222684352517986
MOZ.7_1,Mozambique,Nampula,0.09338300194499059
MWI.3_1,Malawi,Chikwawa,0.11498296314992427
MWI.27_1,Malawi,Thyolo,0.5075237185805815
MWI.15_1,Malawi,Mulanje,0.38119010096350964
MWI.2_1,Malawi,Blantyre,0.39294339503042597
MWI.4_1,Malawi,Chiradzulu,0.6052908080260304
MWI.24_1,Malawi,Phalombe,0.362125
MWI.16_1,Malawi,Mwanza,0.23991358240223465
MWI.18_1,Malawi,Neno,0.14545458267819705
MWI.28_1,Malawi,Zomba,0.37326238144536467
MOZ.8_1,Mozambique,Nassa,0.018780783215250424
MWI.1_1,Malawi,Balaka,0.32919543362403103
MWI.22_1,Malawi,Ntcheu,0.24623453362944162
MWI.12_1,Malawi,Machinga,0.2255365993391601
MWI.13_1,Malawi,Mangochi,0.122558057766191
MWI.26_1,Malawi,Salima,0.14815552016985137
MWI.10_1,Malawi,Likoma,0.5695891203703703
MDG.6_1,Madagascar,Toliary,0.019923860351680117
MDG.3_1,Madagascar,Fianarantsoa,0.04822200930977931
ATF.2_1,French Southern Territories,Îles Éparses,0.0
MDG.5_1,Madagascar,Toamasina,0.033371038500897565
MDG.1_1,Madagascar,Antananarivo,0.10673633021209539
MDG.4_1,Madagascar,Mahajanga,0.019970266009492713
MDG.2_1,Madagascar,Antsiranana,0.031535502223694174
MOZ.1_1,Mozambique,Cabo Delgado,0.019570674873303558
MYT.9_1,Mayotte,Kani-Keli,0.12274639423076923
MYT.3_1,Mayotte,Bandrele,0.11619178921568628
MYT.6_1,Mayotte,Chirongui,0.19065020161290322
MYT.4_1,Mayotte,Boueni,0.21819196428571427
MYT.7_1,Mayotte,Dembeni,0.16512044270833334
MYT.5_1,Mayotte,Chiconi,0.4045138888888889
MYT.12_1,Mayotte,Mamoudzou,0.29150390625
MYT.8_1,Mayotte,Dzaoudzi,0.3952414772727273
MYT.11_1,Mayotte,M'tsangamouji,0.1165625
MYT.10_1,Mayotte,Koungou,0.2874540441176471
MYT.2_1,Mayotte,Bandraboua,0.15751953125
MYT.1_1,Mayotte,Acoua,0.135986328125
MYT.13_1,Mayotte,Mtsamboro,0.19270833333333334
COM.3_1,Comoros,Mwali,0.07141159695817491
COM.1_1,Comoros,Nzwani,0.14429565904669261
COM.2_1,Comoros,Njazídja,0.1496849279835391
MYT.14_1,Mayotte,Ouangani,0.2799479166666667
MYT.15_1,Mayotte,Pamandzi,0.669921875
MYT.16_1,Mayotte,Sada,0.23932291666666666
MYT.17_1,Mayotte,Tsingoni,0.1461123511904762
KEN.21_1,Kenya,Lamu,0.028591903824164655
KEN.7_1,Kenya,Garissa,0.004971092562273419
SOM.10_1,Somalia,Jubbada Hoose,0.000869454516966604
KEN.46_1,Kenya,Wajir,0.00435915623774177
SOM.9_1,Somalia,Jubbada Dhexe,0.0007511131809714208
SOM.15_1,Somalia,Shabeellaha Hoose,0.007205932178728216
SOM.7_1,Somalia,Gedo,0.00033093651703490354
SOM.5_1,Somalia,Bay,0.0008416265675123943
SOM.3_1,Somalia,Banaadir,0.3061324949186992
SOM.14_1,Somalia,Shabeellaha Dhexe,0.0016285505791683971
KEN.24_1,Kenya,Mandera,0.007388979037652747
SOM.8_1,Somalia,Hiiraan,0.0008950113761376138
SOM.2_1,Somalia,Bakool,0.000329914074675863
ETH.9_1,Ethiopia,Somali,0.0005356974082878218
SOM.6_1,Somalia,Galguduud,0.0005644470236029157
SOM.11_1,Somalia,Mudug,0.0006809064820578146
SOM.12_1,Somalia,Nugaal,0.0007550236180750887
SOM.17_1,Somalia,Togdheer,0.0014231268937512419
SOM.16_1,Somalia,Sool,0.00030163390084294586
SOM.4_1,Somalia,Bari,0.0006857102437429844
SOM.18_1,Somalia,Woqooyi Galbeed,0.0025736968813998315
SOM.13_1,Somalia,Sanaag,0.0004159907351011994
SOM.1_1,Somalia,Awdal,0.0008239068870310161
DJI.1_2,Djibouti,Ali Sabieh,0.009459900143936668
DJI.6_1,Djibouti,Arta,0.014297633495145632
DJI.3_1,Djibouti,Djiboutii,0.3283236228813559
DJI.5_1,Djibouti,Tadjoura,0.005123827046196334
DJI.4_1,Djibouti,Obock,0.0017865327093786183
ERI.3_1,Eritrea,Debubawi Keyih Bahri,0.0034361428054402073
DJI.2_1,Djibouti,Dikhil,0.002712537603409376
ETH.5_1,Ethiopia,Dire Dawa,0.04374000799360512
ETH.7_1,Ethiopia,Harari People,0.07215490362811791
SYC.20_1,Seychelles,Outer Islands,0.0031454822097378276
